UK weekly numbers of livestock slaughtered Average per week,5 week months also occuring in a 53 week year,Prime Cattle Calves Thousand head,Prime Cattle Steers Thousand head,Prime Cattle Heifers Thousand head ,Prime Cattle Young Bulls Thousand head,Prime Cattle Total Thousand head,Adult Cows Thousand head,Adult Bulls Thousand head,Total Thousand head,Sheep & Lambs Thousand head,Ewes & Rams Thousand head,Clean Pigs Thousand head,Sows & Boars Thousand head
Jan-73,*,2.4,28.3,11.3, ,39.6,15.4, ,15.4,171.1,21.7,276.9,7.6
Feb-73,,2.7,33.1,12.2, ,45.3,16.1, ,16.1,151.9,21.2,283.5,8
Mar-73,,3.3,38.1,12.3, ,50.3,13.8, ,13.8,139.6,19.6,286.7,7.4
Apr-73,*,2.5,39.1,11.7, ,50.8,11.2, ,11.2,119.9,19.3,276.8,7.2
May-73,,1.8,36.9,10.9, ,47.8,10.7, ,10.7,122.5,20.4,275.5,7.4
Jun-73,,1.6,33.7,11.4, ,45.1,10.4, ,10.4,164.6,21.8,269,6.9
Jul-73,*,1.7,32.6,13.5, ,46,10.6, ,10.6,209.2,21.8,273.7,6.7
Aug-73,,2.5,34.7,14.4, ,49.1,12.4, ,12.4,246.5,26.2,276.2,7.1
Sep-73,,3.3,38.2,15.2, ,53.3,15.8, ,15.8,293.5,32.2,303.2,9
Oct-73,*,3.8,39.2,16.2, ,55.4,18.2, ,18.2,289.2,36,297.5,9.6
Nov-73,,3.8,39.4,16.7, ,56.1,21, ,21,281,33.6,289.4,10.2
Dec-73,,3.4,36.4,14.1, ,50.6,16.9, ,16.9,227.6,27.4,278,8.8
Jan-74,*,4.2,38.8,14.5, ,53.3,19.4,0.8,20.3,240,30.3,284,9.8
Feb-74,,5.3,39.6,13.7, ,53.2,20.5,1,21.5,189.5,25.9,298.7,11.3
Mar-74,,7,41.7,13.1, ,54.8,19.1,1.1,20.2,138.7,21,303,11.6
Apr-74,*,5.5,40.5,12.3, ,52.9,13.1,1.1,14.1,112.3,20.8,292.6,8.8
May-74,,4.5,37.5,13, ,50.5,12.9,1.1,13.9,123.3,20.9,277.6,9.3
Jun-74,,5.2,37.6,15.4, ,53,13.7,1,14.7,180.8,23.8,295.7,9.5
Jul-74,*,5.5,37.7,18.3, ,56,15.1,0.9,16,211.1,22.3,283.4,8.8
Aug-74,,8.2,39.2,19.4, ,58.6,17.6,1,18.6,232.8,23.1,274.3,7.6
Sep-74,,11.3,46.7,21.8, ,68.5,20.8,1.1,21.9,328.7,28.1,296.9,8.8
Oct-74,*,14.1,50,23.9, ,73.9,23.7,1.2,24.9,352.5,33.5,280,7.7
Nov-74,,14.5,51.8,26.6, ,78.4,28.6,1.4,30,335.1,32.6,272.5,8.4
Dec-74,,11.3,48.9,23.2, ,72.1,25.3,1.3,26.6,226.9,27.5,257.4,6.9
Jan-75,*,11.3,52.7,23.4, ,76,26,1.2,27.2,220.3,29.3,255.4,7.3
Feb-75,,13.3,52.5,23, ,75.5,23.4,1.2,24.6,177.3,26.8,258.3,8.2
Mar-75,,12.9,48.7,19.1, ,67.8,22.4,1.4,23.8,149.6,23.2,254.1,7.5
Apr-75,*,10.9,44.4,17, ,61.3,20.3,1.4,21.7,116.2,21.5,243.6,6.6
May-75,,7.9,42.9,16.8, ,59.7,17.2,1.2,18.4,146,25.6,231.3,6.1
Jun-75,,7.3,39.4,18.5, ,57.9,18.5,1.2,19.7,182.3,25.7,224.7,5.7
Jul-75,*,9.3,42.7,22.1, ,64.8,17.9,1,18.9,265.9,30.8,223.1,5.5
Aug-75,,10,44,23.8, ,67.8,18.2,1.1,19.3,286.9,28.1,214.5,5.3
Sep-75,,12.9,50.8,28.4, ,79.2,24.7,1.3,26.1,340.5,37.6,242.9,6.6
Oct-75,*,11.1,50.6,28.3, ,78.9,26.2,1.6,27.9,301.5,37.7,238.2,6.2
Nov-75,,8.5,48.7,28.6, ,77.3,28.4,1.3,29.7,272.5,36.8,242.9,6.8
Dec-75,,6.9,43.2,22.9, ,66.2,22.3,1,23.3,215.4,30.2,237.6,7.1
Jan-76,*,5.4,43.2,21.7, ,64.9,21,1,22,216.7,27.9,231.7,5.8
Feb-76,,6.8,46.6,21.4, ,67.9,18.4,1.1,19.5,184.6,25.2,236.7,6.3
Mar-76,,8.9,49.9,21.1, ,71,16.2,1.5,17.6,153.8,20.6,242.9,6.2
Apr-76,*,6.5,48.8,18.5, ,67.3,13.7,1.3,15.1,113.9,20.6,234.9,5.8
May-76,,4.1,45.6,17.6, ,63.2,13.6,1.3,15,140.7,22,241.8,6.3
Jun-76,,3.1,36.3,18.4, ,54.7,13,1.1,14.1,183.3,23.6,231.1,5.8
Jul-76,*,4,32.9,19.4, ,52.3,13.9,1,14.9,220.4,22.1,229,5.5
Aug-76,,4.7,37.1,21.5, ,58.5,18.1,1,19.1,285.4,27.7,249.5,6.3
Sep-76,,6.5,39.7,22.2, ,61.9,21.2,1.2,22.4,321.4,32.2,260.7,6.9
Oct-76,*,5.6,36.7,20.1, ,56.8,21.8,1.3,23.1,242.6,28.7,274.2,7.6
Nov-76,,5.6,37.1,20.3, ,57.4,22.9,1.2,24.1,266.5,31.8,283,8.6
Dec-76,**,5.9,33.4,17, ,50.3,16.6,1,17.5,240,26.4,264.2,7.5
Jan-77,*,6.3,35.5,17.7, ,53.2,19.1,1.1,20.1,241.3,25.9,260,8.2
Feb-77,,9,36.1,17.5, ,53.6,17.2,1.1,18.4,182.3,21.6,279.5,8.7
Mar-77,,9.2,39,17.2, ,56.2,16.2,1.3,17.5,137.8,18.8,278.8,8.6
Apr-77,*,6.1,39.6,15.6, ,55.2,13.5,1.3,14.7,100.9,17.9,263,7.3
May-77,,3.8,38.1,15.8, ,53.9,14.2,1.4,15.6,139.7,20.3,268,7.8
Jun-77,,2.6,32.1,16.9, ,49,14,1.2,15.1,173,22.4,250,7.4
Jul-77,*,2.5,30.2,18.6, ,48.8,14.6,1.1,15.8,223.8,21,249.4,7.1
Aug-77,,3.4,33.7,21.7, ,55.4,15.8,1.3,17.1,247.1,24.4,255.6,6.8
Sep-77,,4.6,38,22.8, ,60.8,18.3,1.3,19.6,233.8,26.4,277.4,7.4
Oct-77,*,4.9,38,23.1, ,61.1,18.8,1.3,20.1,221.6,25.9,267.4,7.3
Nov-77,,5,40.5,24.7, ,65.2,23.9,1.5,25.4,238.8,27.7,273.6,7.4
Dec-77,,3.8,37.3,21.1, ,58.4,18.4,1.1,19.5,203.1,24,268,6.4
Jan-78,*,3.4,38.8,22.5, ,61.4,20.1,1.4,21.5,198.1,24.6,254.4,6.8
Feb-78,,4.3,39.5,21.7, ,61.2,16.7,1.4,18.1,171,23,258.1,7.1
Mar-78,,5,39.1,19.3, ,58.4,14.6,1.4,16,151.6,21.2,249.7,6.4
Apr-78,*,3.4,40.7,18.7, ,59.4,14.2,1.4,15.7,138.3,20.5,255.4,6.5
May-78,,2.2,36.8,16.7, ,53.5,11.8,1.4,13.2,134.6,20,245.9,5.9
Jun-78,,1.7,33.8,18.8, ,52.6,12.6,1.3,13.9,166.8,22.2,248.4,6.8
Jul-78,*,1.6,32.3,19.7, ,52,13.3,1.1,14.4,201.2,21.2,251,6.2
Aug-78,,2.2,34.5,22, ,56.6,14.9,1.1,16,241,24.8,251.7,6.2
Sep-78,,3.5,37.1,22.9, ,59.9,15.5,1.2,16.7,256.2,26.8,271.9,6.9
Oct-78,*,3.4,36.7,22.7, ,59.5,17.3,1.2,18.5,262.8,26.3,272.4,6.8
Nov-78,,2.8,38.6,23.4, ,62,20.9,1.3,22.2,258.7,27.3,279,8.7
Dec-78,,2.3,35,19.6, ,54.6,15.1,1.1,16.2,214.2,22.3,262.1,7.5
Jan-79,*,2.8,38,20.8, ,58.8,16.8,1.1,17.9,235.2,25.8,261.1,6.3
Feb-79,,3.5,36.5,19.4, ,55.9,17.3,1.2,18.5,193.6,25.6,269.2,6.7
Mar-79,,4.1,38.9,19, ,58,16.6,1.3,18,152.7,23,276.9,7.1
Apr-79,*,2.9,39.1,17, ,56,14.8,1.3,16.1,113.4,21.8,265.5,6.6
May-79,,2.2,37.9,15.9, ,53.8,14.5,1.4,15.9,100.2,19.1,269.4,6.9
Jun-79,,1.8,32.3,16.5, ,48.8,15,1.3,16.3,129.1,21.1,282.8,7.6
Jul-79,*,1.5,28.6,18, ,46.6,15,1.1,16.1,178.2,21.5,273.5,7
Aug-79,,1.9,33.8,20.7, ,54.5,16.9,1.2,18,232.8,25,274.2,6.8
Sep-79,,3.1,35.7,21.2, ,56.9,20.1,1.3,21.4,259.1,26.9,289.6,7.1
Oct-79,*,3.3,38.6,23.2, ,61.8,24.1,1.3,25.4,290.4,31.3,286.5,7.7
Nov-79,,3.4,39.8,24.1, ,63.9,26.8,1.4,28.2,302.5,33.1,295.1,8.3
Dec-79,,3.1,35.7,21, ,56.7,19.3,1,20.3,253.2,27.3,272.6,6.3
Jan-80,*,2.9,36.5,21.3, ,57.8,23.5,1.2,24.7,227.8,30.3,270.7,7.1
Feb-80,,2.9,36.3,20.6, ,56.8,20.6,1.3,22,185.9,28.9,278.7,7.2
Mar-80,,3.6,38.2,20, ,58.2,17.3,1.4,18.7,159.3,24.5,278.4,6.9
Apr-80,*,3,34.5,17.3, ,51.7,14.4,1.4,15.8,140.4,23.8,265.2,6
May-80,,1.9,33,16.6, ,49.5,13.5,1.5,14.9,169.7,22,260.8,5.9
Jun-80,,1.6,34.9,19.2, ,54.1,16.3,1.4,17.8,205.2,25.1,271.9,6
Jul-80,*,1.5,33.7,20.4, ,54.1,15.1,1.2,16.4,247.4,26.6,266.4,5.9
Aug-80,,2.1,36.3,22.4, ,58.8,16.5,1.2,17.7,316.4,29,263.4,5.5
Sep-80,,3.3,40.8,24.4, ,65.1,20.7,1.4,22.1,374.4,31.5,285.7,6.3
Oct-80,*,3.6,42.1,24.9, ,67.1,24,1.4,25.4,315.1,32.2,284.1,6.1
Nov-80,,4,41.5,26.2, ,67.7,27.1,1.5,28.5,381.3,32.7,294.7,6.8
Dec-80,,3.3,39.1,23.9, ,63,20.1,1.4,21.5,260,31.3,282.5,6.1
Jan-81,*,2.4,37.3,21.4, ,58.7,19.1,1.4,20.5,217.7,26.8,266.9,6.6
Feb-81,,2.9,37.5,20.2, ,57.7,17,1.6,18.6,181.7,23.7,278.6,6.8
Mar-81,,3.4,38.2,19.3, ,57.5,17.2,1.6,18.8,139.6,20.8,282.6,6.7
Apr-81,*,2.6,37.3,17.2, ,54.5,13.6,1.6,15.2,123.3,22.5,266.7,5.7
May-81,,1.6,35.9,16, ,51.9,14.6,1.8,16.4,136.7,22.8,268.7,6.2
Jun-81,,1.4,34.6,18, ,52.6,16.9,1.7,18.5,189.8,26,274,6.2
Jul-81,*,1.3,31.5,18.5, ,50,15.3,1.4,16.7,290.4,26.1,257.9,5.5
Aug-81,,2.6,35.4,21.2, ,56.6,15.5,1.5,17,369.4,28.7,265.4,6.1
Sep-81,,2.4,39.6,21.8, ,61.4,16.7,1.6,18.3,376.7,31.6,273.9,6.3
Oct-81,*,2.5,40.6,22.3, ,62.8,18.8,1.7,20.5,314.5,30.8,286.8,6.6
Nov-81,,2.5,36.3,21.8, ,58.1,20.3,1.9,22.2,296.4,29.6,298.4,7
Dec-81,**,1.8,32.7,18, ,50.7,14.3,1.6,15.9,220.1,24.7,275.7,5.3
Jan-82,*,2.2,32.3,17.4, ,49.7,17.8,1.7,19.4,191.5,21.7,272.8,6.9
Feb-82,,2.1,32.2,16.9, ,49.1,15.3,1.7,17,179.9,20.5,280.3,6.7
Mar-82,,2.4,33.1,16.4, ,49.5,14.1,2,16.1,158.7,20.1,281.6,6.9
Apr-82,*,1.8,32.1,14.7, ,46.8,11.7,1.9,13.6,127.2,21.2,262.4,6
May-82,,1.4,32.4,14.7, ,47.1,11.5,2.2,13.7,159.1,21.6,274.7,6.5
Jun-82,,1.2,30.6,16.6, ,47.1,13,2.1,15,243.6,23.1,274.6,6.6
Jul-82,*,1.3,29.4,17.3, ,46.7,13.2,1.7,14.9,298,23.2,270.8,6.5
Aug-82,,1.5,33.1,19.5, ,52.6,13.9,1.8,15.6,361.7,27,276.1,6.4
Sep-82,,2,37.6,20.3, ,57.9,16.2,2,18.2,358.7,31.4,299,7.5
Oct-82,*,1.8,36.2,20.8, ,57,18.6,2.1,20.7,312.2,30.5,299,7.4
Nov-82,,2.1,34.8,22, ,56.8,21.6,2.3,23.9,282.9,32.6,316.2,7.8
Dec-82,,1.8,32.9,19.2, ,52,14.3,2.2,16.5,240.1,30.8,291.8,6.4
Jan-83,*,1.9,33.3,19.3, ,52.7,16.2,2.3,18.5,239,27.2,284.8,7.1
Feb-83,,2.3,36.7,19.9, ,56.5,14.7,2.5,17.1,186.4,26.3,304.5,8.2
Mar-83,,2.5,38.1,19.6, ,57.7,13.1,2.7,15.8,171.6,22.2,301.4,9
Apr-83,*,2,37.2,17.6, ,54.8,12.6,2.7,15.2,127.8,22.3,303.5,9.6
May-83,,1.5,34.4,16.3, ,50.7,12.5,3,15.7,136.8,23.3,302.6,9.7
Jun-83,,1.3,30.1,17.7, ,47.8,13.5,2.7,16.2,210.8,23.6,298.8,9.8
Jul-83,*,1.3,27.2,17.7, ,44.9,12.4,2.2,14.6,326.4,22.8,277.7,8.2
Aug-83,,1.6,32.6,20.9, ,53.5,13.9,2.2,16.1,377.3,26.8,285.5,7.8
Sep-83,,2.6,38,23, ,61,18,2.7,20.7,396.2,34.6,312.3,8.7
Oct-83,*,3.5,38.7,23.1, ,61.8,19.5,2.9,22.4,365.9,34.2,306.3,8.4
Nov-83,,3.7,42.6,24.9, ,67.5,20.7,3.1,23.8,348,33.3,322.1,8.3
Dec-83,,3,35.4,22, ,57.5,16.5,2.8,19.3,261.3,32,294.8,6.7
Jan-84,*,3.2,36.5,22, ,58.5,17.8,2.9,20.8,233.6,30.4,283.8,7.1
Feb-84,,3,39,22.3, ,61.3,17.2,3.3,20.6,182.8,28.1,291.5,7.4
Mar-84,,3.6,42,22.4, ,64.4,16.9,3.7,20.6,155.5,23.5,279.2,7
Apr-84,*,2.3,38.4,18.8, ,57.2,17.5,3.4,20.9,133.6,27.2,267,5.8
May-84,,1.6,34.9,18.6, ,53.5,16.8,3.4,20.2,178.3,25.4,273.7,6
Jun-84,,1.5,30.6,19.8, ,50.4,17.5,3.3,20.7,326.5,27.8,273.6,5.8
Jul-84,*,1.5,28.8,20.3, ,49.1,14.9,2.8,17.7,290.8,30.1,270.2,5.5
Aug-84,,1.8,33.4,21.5, ,54.9,14.7,2.5,17.2,331.3,29.2,266.3,6.1
Sep-84,,3.1,41,24.6, ,65.6,20,3.5,23.5,393.1,37,288,6.1
Oct-84,*,3.4,43.9,25.3, ,69.2,21.2,3.8,25,341.8,36.6,292.1,6
Nov-84,,3,39.5,27.5, ,67,23.3,4.4,27.7,275.1,36.1,303.9,6.1
Dec-84,,2.7,34.1,24.6, ,58.7,17.3,3.8,21.1,246.4,37.1,287.3,5
Jan-85,*,2.7,36.1,24.1,4.7,61.1,19,4,23,267.2,32.5,273.2,5.9
Feb-85,,2.4,35.6,23.1,4.7,59.4,16.7,3.8,20.5,251.7,28.2,283.9,6.4
Mar-85,,2.5,38.7,23.7,5.1,62.9,17.2,4.3,21.5,215.8,27.2,289.4,6.7
Apr-85,*,1.7,36.3,21.7,5.3,58.9,15.9,4.3,20.3,143.7,27.6,279.7,6.3
May-85,,1.2,35,20.1,5.4,55.6,14.3,4.4,18.6,172.2,27.1,278.8,6.3
Jun-85,,1.1,31.9,20,4.8,53.1,13.7,3.9,17.6,268.2,29.2,283.7,6.5
Jul-85,*,1.1,29.9,20.5,4.3,50.9,13.6,3.3,16.9,316.8,28.2,282.6,6.1
Aug-85,,1.4,34.4,21.9,4.4,57,15.6,3.6,19.2,334.8,33.5,282.7,5.8
Sep-85,,2.5,39.5,23.6,4.7,64.1,17.5,3.8,21.3,380.8,35.7,299.2,6.5
Oct-85,*,2.7,42.3,24.7,5.2,68.5,16.4,4.1,20.5,345.4,34.1,299.3,6.5
Nov-85,,2.1,39.4,27.4,5.9,67.8,17.4,4.6,22,331.1,33.1,311.9,6.8
Dec-85,,1.8,33.9,24.2,5.5,59.3,15,4.2,19.2,285.3,25.1,296.5,5.7
Jan-86,*,1.8,33,22.1,5.1,60.3,15.5,0.2,15.8,242.9,25.1,277.6,6.6
Feb-86,,1.5,34,21.9,5.2,61,14.1,0.2,14.3,235.6,23.9,288.8,6.7
Mar-86,,1.8,33.2,21.2,5.1,59.5,14,0.3,14.3,195.5,24.9,288.4,6.2
Apr-86,*,1.5,32.6,19.6,5.3,57.5,14.6,0.3,14.8,131,26.7,288.7,6.5
May-86,,1,31.6,18.1,5.4,55,12.9,0.3,13.3,148.7,24.8,281.4,6.2
Jun-86,,0.8,29,17.7,5.1,51.9,12.4,0.4,12.8,217.5,26.5,291.4,6.8
Jul-86,*,0.8,26.5,18.5,4.7,49.7,12.1,0.3,12.3,293.5,24.7,286.1,6.7
Aug-86,,1.2,31.3,20.4,4.9,56.5,13,0.3,13.2,344,29.6,288.7,6.6
Sep-86,,2.1,34.3,23.5,5.2,62.9,16.4,0.3,16.7,397.7,28.5,306.1,6.8
Oct-86,*,2.1,35.2,24.6,5.3,65,17.3,0.4,17.7,415.5,28.6,306.6,7
Nov-86,,1.9,37.6,27,5.8,70.4,18.9,0.4,19.3,349.4,30.3,319.9,7
Dec-86,,1.7,32.1,24.9,5.7,62.6,15.7,0.3,16,275.2,31.6,303.4,5.7
Jan-87,*,2,32,24,5.5,61.5,18.9,0.3,19.2,242.6,26.3,282.8,6.3
Feb-87,,1.4,32.1,23,5.4,60.5,17.9,0.4,18.2,255.9,26.8,295.5,7.5
Mar-87,,1.6,34.9,24,5.8,64.6,17.8,0.4,18.2,237.1,27.2,295.1,7.3
Apr-87,*,1.4,29.3,21.4,5.5,56.2,15.8,0.4,16.2,174.2,28.3,282.6,6.6
May-87,,1,29.6,20.4,5.8,55.8,15.4,0.5,15.8,170.8,27.5,280.3,6.4
Jun-87,,0.8,28.3,20.8,5.9,55,15.2,0.4,15.6,225.6,26.5,290.6,6.8
Jul-87,*,0.9,26.2,19.9,5.2,51.3,15.5,0.3,15.8,284,26.8,284.5,5.9
Aug-87,,1.1,29,22.3,5.4,56.7,17.1,0.4,17.5,325.9,32.3,292.6,5.5
Sep-87,,1.6,32.1,22.9,5.5,60.5,18.3,0.4,18.7,376.1,33.6,295.5,6.5
Oct-87,*,1.4,34.3,24.5,5.8,64.6,19.4,0.4,19.8,360,31.9,303.1,6.2
Nov-87,,1.1,33.5,27,6.1,66.6,19.3,0.4,19.7,305.6,32.1,316,6.9
Dec-87,**,0.9,28.6,22.6,5.6,56.8,13.2,0.3,13.5,267.1,28.9,288,5.2
Jan-88,*,0.8,28.7,21.3,5.5,55.6,14.8,0.2,15,309.6,22.1,298.2,7.3
Feb-88,,0.7,27.3,20,5.1,52.4,12.2,0.3,12.4,301.1,21.9,301.1,7.5
Mar-88,,0.7,27.7,18.6,5.4,51.7,11.5,0.3,11.7,255.2,23.6,291.8,7.5
Apr-88,*,0.6,26,17,5.3,48.3,10.6,0.3,10.9,192.3,25.9,283.9,7.3
May-88,,0.4,25.9,16.7,5.8,48.3,9.6,0.3,9.8,214.9,27.1,291.4,7.4
Jun-88,,0.5,23.8,16.2,5.4,45.4,10.1,0.2,10.4,271.5,24.9,294.5,7.8
Jul-88,*,0.5,23.6,17.2,4.8,45.6,11.1,0.3,11.3,305,29,294.9,7.3
Aug-88,,0.7,25,17.3,4.8,47.1,12.5,0.2,12.7,320,30.6,289.2,7.2
Sep-88,,0.9,29.5,19.1,4.9,53.5,13.8,0.3,14.1,384.4,36.3,303.6,7.3
Oct-88,*,0.9,32.2,20.6,4.9,57.7,15.7,0.4,16.1,390,36.7,303.8,7.9
Nov-88,,0.8,32.4,23.1,5.3,60.8,17.3,0.4,17.7,349.7,37.4,313,7.8
Dec-88,,0.6,25.8,19,4.6,49.3,13.4,0.2,13.6,308,37.4,289.5,6.3
Jan-89,*,0.6,26.3,19.7,5.1,51.1,15.1,0.3,15.4,326.6,31,280.1,7
Feb-89,,0.5,29,20.2,5.4,54.6,12.7,0.4,13,349.8,31.2,282.2,6.7
Mar-89,,0.5,31.2,21.6,5.9,58.7,10.8,0.4,11.1,281.4,29.9,267.5,6
Apr-89,*,0.4,25.9,15.2,5.4,46.5,11.9,0.4,12.2,206.8,32.3,269.2,5.9
May-89,,0.4,24.8,14.9,6.3,46,10.7,0.4,11,220.8,28.9,267.4,6.2
Jun-89,,0.4,24.8,16.8,6.4,47.9,11.3,0.4,11.6,297.2,29.9,269.9,6.5
Jul-89,*,0.4,24.1,17.1,5.4,46.7,11.5,0.3,11.8,365,30.2,266.8,6.3
Aug-89,,0.6,27.5,18.1,5.5,51.2,12.3,0.4,12.6,439.7,33.1,267.9,6.4
Sep-89,,0.7,29.6,19,5.9,54.5,14.4,0.4,14.8,479.7,36.3,275.3,7.2
Oct-89,*,0.8,32.3,19.7,6,58.1,15.4,0.5,15.9,446.5,39.7,274.1,6.6
Nov-89,,0.7,34.5,21.8,6.1,62.3,17,0.5,17.5,376.3,42.2,290.6,6.5
Dec-89,,0.6,27.4,19.8,5.6,52.7,11.8,0.3,12.1,337.5,43.1,262.3,5.2
Jan-90,*,0.5,26.4,20,6,52.5,13.4,0.3,13.7,319.6,39.5,263,6.1
Feb-90,,0.6,26.1,19.8,6,51.9,12.5,0.4,12.9,312.4,39.5,263.7,6.6
Mar-90,,0.7,27.7,19.3,6.5,53.5,12.1,0.4,12.5,286.8,37.1,261.7,6.5
Apr-90,*,0.5,27.3,17.9,6.6,51.7,10.9,0.4,11.2,238.4,33.2,250.9,5.9
May-90,,0.4,19.8,13.9,5.9,39.6,9.3,0.4,9.6,280.8,29.2,251.7,5.9
Jun-90,,0.6,26.1,17,7.3,50.4,8.5,0.4,8.9,356.8,30.8,263.2,6.2
Jul-90,*,0.9,25.5,17.4,6.2,49,11.2,0.4,11.7,375.9,29.8,260.1,6
Aug-90,,1.3,28.2,19.3,6,53.5,10.4,0.4,10.7,419,31.8,260.6,5.3
Sep-90,,1.4,33.3,22.5,6.7,62.6,13.2,0.4,13.6,437.9,36.8,276.9,6.3
Oct-90,*,1.5,36.8,22.3,6.5,65.5,14.1,0.4,14.5,428.9,37.8,282.7,7.1
Nov-90,,1.2,35.2,25.5,7.1,67.7,15.9,0.4,16.3,389.9,40.6,292.7,7.3
Dec-90,,1.1,27.3,22.5,6.3,56,12.6,0.3,12.9,357.3,37.3,278.3,5.7
Jan-91,*,0.9,28.5,21.2,6.4,56.1,15.1,0.3,15.4,356.2,34,265,6.9
Feb-91,,0.8,26.8,21.2,6.6,54.5,13.7,0.4,14,338.2,33.6,263.6,7
Mar-91,,0.9,29.7,21.1,7.1,57.8,12.4,0.4,12.8,319.3,34.3,264.1,7.2
Apr-91,*,0.8,24.5,19.8,8.3,52.6,12.3,0.4,12.7,244.6,32.4,261.5,6.8
May-91,,0.5,23.6,18.6,8.7,50.9,11.8,0.4,12.2,259.5,29.6,253.5,6.2
Jun-91,,0.5,24.7,20.3,8.8,53.8,12.7,0.5,13.2,368.5,31.6,269.1,6.6
Jul-91,*,1,18.8,19.2,6.9,44.8,12.1,0.4,12.5,403.9,27,265.6,6.8
Aug-91,,1.2,23.9,19.5,6,49.3,12.7,0.3,13.1,417.1,29.9,267.3,6.4
Sep-91,,1.8,27.4,21.5,6,54.8,14.5,0.5,14.9,478.8,32.4,284.3,7.5
Oct-91,*,1.1,33.1,21.5,6,60.6,16,0.5,16.4,458.8,32.9,282.7,7.6
Nov-91,,1,33.2,25.3,7.1,65.6,18.5,0.6,19,446.8,34.2,297.9,8.5
Dec-91,,0.9,25.1,22.7,6.2,54,13,0.4,13.3,356.5,32,279.4,7
Jan-92,*,0.9,24.3,21.4,6.4,52.1,14.3,0.4,14.7,280.2,32.4,266.6,7.8
Feb-92,,0.6,27.7,20.1,6.5,54.3,12.5,0.5,13,234.3,31.9,268.6,7.9
Mar-92,,0.6,26.2,19.7,7.3,53.2,11.6,0.5,12.1,246.1,32.3,266.6,7.7
Apr-92,*,0.5,25.6,18.1,7.9,51.6,10.6,0.5,11.2,250.1,28.7,251.6,6.9
May-92,,0.4,21.3,16.1,8.2,45.7,9.9,0.5,10.4,248.7,25.5,250.9,6.6
Jun-92,,0.5,20.8,17.1,8.6,46.5,10.3,0.5,10.7,318.9,29.9,260.9,6.8
Jul-92,*,0.6,19.6,17.9,6.8,44.3,10.9,0.3,11.3,349.9,26,260.4,7.1
Aug-92,,0.8,22.8,18.2,6,46.9,11.5,0.4,11.9,419.5,29.7,268.6,6.9
Sep-92,,0.8,27.5,20,5.6,53.2,13.3,0.5,13.8,427.7,31.6,272.3,7.1
Oct-92,*,0.7,32,20.8,5.5,58.3,13.1,0.4,13.5,447.9,31.6,284.7,7.7
Nov-92,,0.6,30.6,23.2,5.8,59.7,13.8,0.5,14.3,429.4,34.2,291.8,7.1
Dec-92,**,0.5,25,21.3,5.4,51.7,10.1,0.4,10.5,383.3,31.2,264.9,5.5
Jan-93,*,0.4,27.1,20.4,6.1,53.6,12.4,0.4,12.9,330.1,29.5,275.7,7.2
Feb-93,,0.3,26.9,19.1,6.1,52.2,12,0.4,12.4,275.3,29.5,269.2,7.2
Mar-93,,0.3,27.3,17.1,7.1,51.5,10.9,0.5,11.5,245.5,30.3,261.5,7
Apr-93,*,0.3,20.2,16.4,5.7,42.2,8.5,0.4,8.9,185.6,27.8,252,6.5
May-93,,0.2,18.9,15.3,6.7,40.8,8.6,0.4,9,223,31.1,263.2,6.5
Jun-93,,0.3,16.4,14.4,6.6,37.4,9.5,0.4,9.9,283.9,26.9,264.8,6.3
Jul-93,*,0.4,17.6,14.8,5.9,38.3,10.7,0.4,11,343.9,27.6,268.7,6.4
Aug-93,,0.4,20.5,15.6,5,41.1,10.6,0.4,11,395,31.1,268.5,6.2
Sep-93,,0.5,23.1,16.1,5.2,44.4,11.9,0.5,12.4,453,36.7,291.6,7.1
Oct-93,*,0.4,24.3,16.9,5.3,46.4,13,0.6,13.6,443.5,38.7,297.1,7.1
Nov-93,,0.5,25.2,19.4,5.4,50,13.6,0.5,14.1,424.4,40.5,306.7,8.1
Dec-93,,0.3,21,18.3,4.8,44.1,10.5,0.3,10.8,368.3,38,273.9,6.5
Jan-94,*,0.3,21.9,17.4,5.1,44.4,12.7,0.4,13.1,311.5,37.3,279.9,7.6
Feb-94,,0.3,23.5,17.3,5.2,46,12.2,0.4,12.6,278.6,40,283.5,7.8
Mar-94,,0.3,24.7,16,6,46.7,10.9,0.4,11.3,263.9,39.7,273,7.4
Apr-94,*,0.3,24.3,13.9,6.5,44.7,9.9,0.5,10.3,184.5,37.8,267.3,7.1
May-94,,0.3,22,15.1,8.1,45.2,10.6,0.5,11.2,216,41.4,274.4,7.2
Jun-94,,0.3,20.7,15.2,8.1,44,11.7,0.6,12.3,286.1,38.2,277.9,7.4
Jul-94,*,0.5,17.9,14.6,6.6,39.1,9.9,0.5,10.3,357.6,39,277.3,7.1
Aug-94,,0.6,21.8,17.2,6.2,45.2,10.7,0.5,11.2,409.3,48.7,275.9,7
Sep-94,,0.7,24.9,18.3,6.3,49.5,15.4,0.5,15.9,441,50,293.7,8.1
Oct-94,*,0.6,25.3,19.2,5.7,50.2,16.7,0.6,17.3,417.7,52.2,298.6,8.1
Nov-94,,0.6,25.4,21,6,52.4,18.6,0.6,19.2,372.4,53.1,309.7,8.4
Dec-94,,0.6,21.9,19.5,5.2,46.6,15.5,0.4,15.9,315.9,48.5,278.3,6.3
Jan-95,*,0.4,20.6,19.6,5.6,45.8,17.7,0.4,18.1,269.7,46.6,272.3,7.5
Feb-95,,0.3,23.4,20.1,6.1,49.6,15.7,0.4,16.1,262.8,48.1,274.8,7.5
Mar-95,,0.4,25.8,18.7,7.1,51.5,13.6,0.3,14,254.5,44.1,264,7.6
Apr-95,*,0.3,24.9,17.2,7.7,49.8,12.7,0.3,13,233.5,43.7,260.7,6.6
May-95,,0.3,23.8,16.4,8.9,49.1,13.3,0.4,13.7,246.7,44.2,256.4,6.4
Jun-95,,0.4,21.4,17.1,9.9,48.4,15.1,0.3,15.5,300.7,44.4,270.2,6.8
Jul-95,*,0.7,19.5,16.6,7.8,43.9,13.6,0.3,13.9,378.9,44,265.4,6.6
Aug-95,,0.9,22.3,17.6,7.1,47,15.2,0.4,15.5,411.5,55,264,6.3
Sep-95,,0.8,24.4,19.3,7.7,51.4,16.1,0.4,16.5,409.9,55.5,276.1,7.2
Oct-95,*,0.6,24,18.8,6.8,49.6,16.7,0.4,17.1,376.7,54.8,279.8,7
Nov-95,,0.5,23.2,20.2,6.6,50,15.1,0.4,15.4,369.4,55.7,283.9,6.8
Dec-95,,0.5,16,15.5,5.1,36.6,11.9,0.2,12.1,358.4,53.9,267.1,5.5
Jan-96,*,0.5,18.2,18,6.5,42.7,16.2,0.3,16.5,278.6,53.1,255.6,6.4
Feb-96,,0.3,20.9,19.1,7,47,15.9,0.3,16.2,256.4,48.5,256.6,6.4
Mar-96,,0.4,16.3,13.3,5.4,35,10.1,0.2,10.3,239.6,38,263.6,6.5
Apr-96,*,0.4,15.1,11.2,5.7,32,0.2,0,0.2,190,38.8,253.7,5.9
May-96,,0.2,15.9,11.6,8.5,36,0.1,0,0.1,222,44.1,250.2,5.6
Jun-96,,0.3,14.3,10.8,11.7,36.9,0,0,0,292.5,45,263.3,6.2
Jul-96,*,0.5,13.4,12.5,10.6,36.4,0,0,0,361.2,42.9,263,6.1
Aug-96,,0.6,18.4,13.4,7.6,39.5,0,0,0,394,47.7,265,6.3
Sep-96,,0.7,23.3,15.1,7.4,45.8,0,0,0,390.4,51.5,281.3,6.9
Oct-96,*,0.8,23.3,17.6,7.6,48.6,0,0,0,362,52.7,284.5,6.8
Nov-96,,0.5,20.4,19.1,7.5,47,0,0,0,319.9,51.3,295,6.7
Dec-96,,0.3,16.1,16.6,5.7,38.4,0,0,0,299.6,47.6,278.5,4.8
Jan-97,*,0.3,19.2,16.1,5.8,41.1,0,0,0,263,43.9,282.4,6.5
Feb-97,,0.2,20.9,16.7,6.1,43.7,0,0,0,242.6,37.9,292.2,6.9
Mar-97,,0.3,23.6,14.5,6.2,44.3,0,0,0,236.4,34.2,284.5,7.1
Apr-97,*,0.3,24.9,13.4,7.1,45.4,0,0,0,202,30.5,282,7
May-97,,0.3,22.6,13,8.5,44.1,0,0,0,209.1,31.3,265.2,6.7
Jun-97,,0.3,21,14,9.6,44.6,0,0,0,270.4,32.8,285.2,7
Jul-97,*,0.3,19.9,13.9,7.5,41.3,0,0,0,293,32.8,288.5,6.5
Aug-97,,0.4,20.4,13.4,6,39.9,0,0,0,318.5,34.9,283.7,6.6
Sep-97,,0.5,23.6,15.2,5.7,44.5,0,0,0,349.4,39,305.4,7.4
Oct-97,*,0.5,23.6,16.4,5.5,45.5,0,0,0,345.7,39.5,305.2,7.7
Nov-97,,0.7,23.3,19.2,5.3,47.8,0,0,0,340.9,41.3,319.5,7.9
Dec-97,,0.5,18.1,17.6,4.5,40.2,0,0,0,335.3,42.3,300,6.5
Jan-98,*,0.4,20.2,16.9,4.7,41.9,0,0,0,325.7,40.3,304.4,7.6
Feb-98,,0.5,21,17.6,4.7,43.3,0,0,0,320.1,36.6,305.1,8.1
Mar-98,,0.6,23,15,5.5,43.6,0,0,0,301.8,36.6,299.6,7.9
Apr-98,*,0.4,23.6,14,5.9,43.6,0,0,0,241.5,36,283.3,7.3
May-98,,0.4,21.2,13.4,6.5,41.1,0,0,0,226.3,32.2,280.8,6.9
Jun-98,,0.3,19.4,14.5,7.8,41.6,0,0,0,264.1,33.3,297.9,7.7
Jul-98,*,0.4,20.5,14.8,6.9,42.2,0,0,0,304,34.1,291.8,8
Aug-98,,0.6,22,14.4,5.6,42.1,0,0,0,338.5,38.3,303.3,8.3
Sep-98,,0.9,23.9,15,4.9,43.9,0,0,0,336.3,38.9,304.9,9.4
Oct-98,*,1,23.9,17.4,5.3,46.7,0,0,0,366.2,40.4,320.2,8.4
Nov-98,,1,22.5,20.2,5.6,48.3,0,0,0,392.8,41.5,323.1,7.8
Dec-98,**,0.6,18.1,19,4.8,41.8,0,0,0,356.9,42.7,282.9,6.8
Jan-99,*,0.7,19.9,19.8,4.9,44.6,0,0,0,328.9,45.7,309.3,8.2
Feb-99,,0.7,21.1,18.7,4.9,44.7,0,0,0,287.8,44.3,292.8,6.6
Mar-99,,0.7,20.9,16.4,5.1,42.4,0,0,0,295.5,40.8,274.1,6.3
Apr-99,*,0.5,20.3,14.5,5.9,40.7,0,0,0,220.7,33.2,263,6.4
May-99,,0.4,19,14,7,40,0,0,0,224.5,37.4,265.4,6.6
Jun-99,,0.6,18.4,14.6,7.7,40.7,0,0,0,290,41.3,270.1,6.8
Jul-99,*,1.1,17.8,14.2,6.3,38.3,0,0,0,329.4,43.9,269.4,6.6
Aug-99,,2.7,19.9,14.8,5.4,40.2,0,0,0,369.6,47.6,265,6.5
Sep-99,,3.1,22.9,16.8,5.2,44.9,0,0,0,393.8,47.1,277,8.1
Oct-99,*,3,22.3,18.8,5,46.1,0,0,0,423.8,49.9,279.3,8.6
Nov-99,,2.6,22,21.9,5.3,49.2,0,0,0,385.9,50.4,293,8.8
Dec-99,,1.6,17.4,18.2,4.1,39.6,0,0,0,331.5,47.5,248.8,7.7
Jan-00,*,2,18,20.8,4.6,43.5,0,0,0,306.4,44.2,265,8.5
Feb-00,,1.8,19.7,20,4.6,44.2,0,0,0,269.6,41.1,256.7,7.7
Mar-00,,2.5,21.5,16.9,5,43.5,0,0,0,240.5,39.3,248.7,7.1
Apr-00,*,2.2,20.5,16.1,5.7,42.2,0,0,0,222.8,35.4,230.2,5.8
May-00,,2,19.9,15.5,7,42.4,0,0,0,223.4,39.5,240.5,5.9
Jun-00,,2.8,18.1,15.3,8.5,42,0,0,0,280.8,43.1,236.8,5.8
Jul-00,*,3.6,18.3,15.6,7.7,41.6,0,0,0,321.8,46.8,240.6,5.8
Aug-00,,3.5,19.9,15.5,6.5,42,0,0,0,356.5,50.7,231.5,5
Sep-00,,3.9,22.9,17,6.6,46.5,0,0,0,370.4,52.8,228,5.5
Oct-00,*,3.7,22.8,18.2,6.5,47.5,0,0,0,366.7,57.9,222.6,5.8
Nov-00,,3.9,21.8,20.7,7.1,49.6,0,0,0,382.6,64.7,234.6,5.9
Dec-00,,3.2,16,17.9,6.1,40,0,0,0,346.8,56.2,217.6,5.1
Jan-01,*,3,17.2,20.6,7.1,44.9,0,0,0,295.2,43.4,213,5.2
Feb-01,,2.5,16.6,17,5.5,39.1,0,0,0,211.5,34.4,175.6,4.2
Mar-01,,0.3,17.9,14,5.5,37.5,0,0,0,129.7,14.4,195.4,0.8
Apr-01,*,0.4,16.6,13,6,35.6,0,0,0,130.9,16.9,191.7,1.8
May-01,,0.7,16.9,12.8,7.6,37.3,0,0,0,143.1,23.7,195.7,2.3
Jun-01,,1.1,16.1,12.2,9.8,38.1,0,0,0,193.2,27.6,195.4,2.7
Jul-01,*,1.7,16.7,11.8,8.6,37.1,0,0,0,223.6,34,197,3.8
Aug-01,,2.2,18.1,12.2,7.1,37.5,0,0,0,245.6,40.2,198.5,3.7
Sep-01,,2.8,22.1,14.4,6.7,43.2,0,0,0,266,44.8,214.2,3.4
Oct-01,*,2.5,21.2,15.1,6.5,42.8,0,0,0,255,41.6,214.8,3.1
Nov-01,,2.3,20.3,17.7,7.5,45.6,0,0,0,250.5,42,216.5,6.2
Dec-01,,1.6,16.5,16.1,6.6,39.1,0,0,0,237.8,35.7,199.7,4.2
Jan-02,*,1.2,17.8,17.3,6.1,41.2,0,0,0,233.6,29.9,196.5,6.3
Feb-02,,1.3,21.3,16.7,6.2,44.2,0,0,0,244.8,34.2,204.4,7.2
Mar-02,,1.7,21.3,14.7,6.4,42.4,0,0,0,233.4,29.4,193.7,7.1
Apr-02,*,1.7,20.7,14.4,7.1,42.2,0,0,0,204,27.4,190.8,6.6
May-02,,1.4,18.5,13.8,8.4,40.7,0,0,0,193.3,33.6,187.9,6.2
Jun-02,,1.5,16.9,12.9,8.9,38.7,0,0,0,209.1,32.7,182.3,6.1
Jul-02,*,2.3,18.3,13.7,8.9,40.9,0,0,0,253.6,37.6,196.3,5.8
Aug-02,,2.3,18.9,13.5,7,39.4,0,0,0,274,41.6,195.3,5.6
Sep-02,,2.8,21.1,14.7,6.7,42.5,0,0,0,298.5,42.8,204.8,5.7
Oct-02,*,2.5,21.5,16.5,6.6,44.6,0,0,0,297.2,43.4,205.7,5.5
Nov-02,,2.2,20.7,18.7,7.1,46.4,0,0,0,309,46.1,212.4,6
Dec-02,,1.7,16.6,17.4,6.1,40.1,0,0,0,275.7,41.7,197.8,4.5
Jan-03,*,1.5,17,17.5,6,40.6,0,0,0,253.5,37.3,183.4,5.8
Feb-03,,1.5,20.2,16.9,5.9,43.1,0,0,0,249.6,37.7,180,5.4
Mar-03,,1.6,20.9,15,6.5,42.3,0.1,0,0.1,224.5,30.6,178.2,5.1
Apr-03,*,1.2,19.9,14.4,6.7,41.1,0,0,0,190,30.8,167.9,4.4
May-03,,0.8,18.7,13.6,8.9,41.2,0,0,0,183.1,31.9,167.1,4.2
Jun-03,,1,17.8,13.6,9.6,40.9,0,0,0,223.7,35.3,173.9,4.4
Jul-03,*,1.4,17.6,13.4,9.2,40.3,0,0,0,244.1,36.6,168.4,4.1
Aug-03,,1.7,18.4,12.8,7.5,38.7,0,0,0,267.1,38.4,169.8,4.2
Sep-03,,2.3,21.8,14.4,7.5,43.7,0,0,0,302.8,39.1,182,4.6
Oct-03,*,2.5,21.7,15.4,7.4,44.5,0,0,0,313.7,43.8,180.4,4.4
Nov-03,,2.6,21.6,17.4,8.1,47.1,0,0,0,305.9,42,184.3,4.5
Dec-03,,2.1,17.5,16.7,7.3,41.5,0,0,0,286.4,38.3,172.7,4.4
Jan-04,*,1.5,16.5,16.2,6.9,39.6,0,0,0,241.3,36.4,169.6,4.7
Feb-04,,1.7,20.6,16.6,6.9,44.1,0,0,0,226.1,35.5,175.3,5
Mar-04,,1.8,22,14.9,7.6,44.5,0,0,0,210.1,30.6,166.6,4.7
Apr-04,*,1.2,19.9,13.8,7.9,41.5,0,0,0,202.1,29.6,161,4.2
May-04,,0.8,20,13.8,9.6,43.4,0,0,0,199.3,30.9,164.7,4.1
Jun-04,,0.8,16.6,13,10,39.6,0,0,0,216,34.2,167,4.5
Jul-04,*,1.2,16.9,12.9,9.7,39.5,0,0,0,255.4,36.6,168.6,4.4
Aug-04,,2.2,20,14,8.7,42.8,0,0,0,284.7,40.6,176.2,4.6
Sep-04,,3.2,22.1,14.2,7.4,43.7,0,0,0,298.2,42.8,176.2,4.9
Oct-04,*,3.3,22.5,15.6,7.3,45.5,0,0,0,310.6,44.8,179.3,4.4
Nov-04,,3.1,22.3,18.1,8.6,49,0,0,0,319.9,44.4,191,4.3
Dec-04,**,2.4,19.3,18.9,7.8,46,0,0,0,289.2,41.8,177.9,4.4
Jan-05,*,1.9,16.2,14.4,6.7,37.4,0,0,0,249.3,42.4,173.4,4.2
Feb-05,,2.2,22.3,15.8,7.3,45.5,0,0,0,235.3,41.6,173.9,4.6
Mar-05,,1.9,21.3,14.2,7,42.6,0,0,0,244.3,40.6,162.1,4.4
Apr-05,*,1.3,22,14.3,8,44.3,0,0,0,212.2,39.1,167.1,4.2
May-05,,1.2,21.2,13.8,9.4,44.5,0,0,0,199,39,166.6,4
Jun-05,,1.7,19.4,13.5,10.8,43.6,0,0,0,244.8,38.5,172.8,4.1
Jul-05,*,2.3,17.8,12.7,10,40.5,0,0,0,264.9,39.2,167.3,3.9
Aug-05,,3,20.8,13.5,9,43.2,0,0,0,304,43.7,171.6,4
Sep-05,,3.5,24.6,15.3,8.8,48.8,0,0,0,325.6,47.5,176.6,3.6
Oct-05,*,2.8,22.4,15.3,7.8,45.5,0,0,0,322,46.7,176.3,3.2
Nov-05,,2.2,23.1,18.4,8.1,49.5,2.1,0,2.2,343.4,45.5,186.1,3.6
Dec-05,,1.8,19.5,17.2,6.7,43.4,2.4,0,2.4,316,42.4,177.8,2.9
Jan-06,*,1.4,20.6,17.2,5.7,43.4,3.5,0.1,3.6,268.3,44.3,163.7,3.4
Feb-06,,1.5,20.4,17.7,5.7,43.8,4.7,0.1,4.9,263.1,43.2,171.2,3.6
Mar-06,,1.4,21,17.4,5.7,44.1,5,0.1,5.1,259.7,43,170.2,3.8
Apr-06,*,0.7,19.4,15.4,5.6,40.4,4.7,0.1,4.8,218.8,40,156.5,3.5
May-06,,0.6,21.3,16.1,7.2,44.7,6,0.2,6.3,206.3,39.3,166.3,3.5
Jun-06,,0.9,19.8,14.7,7.9,42.4,6.4,0.2,6.6,240,40.5,166.4,3.6
Jul-06,*,1,18.9,14,7.3,40.3,7.3,0.2,7.5,261.3,42.3,166.5,3.9
Aug-06,,1,18.1,13.5,6.5,38,7.6,0.2,7.8,306,46.4,171.5,3.8
Sep-06,,1,22.4,15.7,6.3,44.4,8.9,0.3,9.2,327.7,48.9,181.4,4.2
Oct-06,*,0.9,22.6,16.1,5.4,44.1,10.4,0.3,10.7,320.1,46.2,183.1,4.2
Nov-06,,0.8,23.3,17.7,5.7,46.7,11.7,0.3,12,306.4,46.6,187.4,4.3
Dec-06,,0.7,19.7,16,4.6,40.2,8.5,0.2,8.7,284.7,50.2,173.5,3.4
Jan-07,*,0.6,19.8,16.8,4.6,41.2,10.1,0.2,10.3,229.2,41.4,166.1,3.9
Feb-07,,0.6,21,17.5,4.6,43.1,10,0.3,10.3,229.4,43.8,179.5,4.1
Mar-07,,0.7,21.5,16.9,5,43.4,8.4,0.2,8.6,246.1,42.1,178.8,4.4
Apr-07,*,0.4,20.6,15.2,5.2,41.1,7.2,0.2,7.4,232.1,39.1,174.1,4
May-07,,0.3,20.3,15,6.5,41.8,7.1,0.2,7.3,229.9,38.7,170.8,3.7
Jun-07,,0.4,19.8,14.5,8.1,42.4,7.8,0.3,8.1,249,41.9,181,4
Jul-07,*,0.5,19,13,7.8,39.8,9.2,0.3,9.4,277.1,42.2,176.4,4.4
Aug-07,,0.7,18.4,12.6,6.3,37.3,5.1,0.2,5.3,227.7,38.1,161.2,1.5
Sep-07,,1.7,21.4,14.3,6.3,42,7.1,0.2,7.3,287.1,46.7,182.5,3.3
Oct-07,*,2.1,22.8,15.4,5.7,43.9,7.9,0.2,8.1,286.3,44.2,192,2.5
Nov-07,,1.6,22.5,16.9,6,45.4,10.6,0.3,11,322.8,44.9,199.4,7.7
Dec-07,,0.9,18.6,15,5.5,39.2,9.6,0.3,9.8,322.3,51,179.5,5.4
Jan-08,*,0.6,18.1,15.3,5,38.3,10.8,0.3,11.1,288.3,44,175.6,5.7
Feb-08,,0.6,20.3,16.6,4.9,41.8,10.5,0.3,10.8,266.9,46.2,183.4,5.8
Mar-08,,0.6,19.9,15.4,4.5,39.8,8.5,0.3,8.8,256.3,41.5,174.8,5.2
Apr-08,*,0.6,19.9,15.4,5.1,40.4,9.1,0.3,9.4,220.7,40.9,178.3,5
May-08,,0.5,19.1,14.4,5.8,39.3,8.1,0.4,8.5,201.1,38.1,168.2,4.2
Jun-08,,0.4,18.1,13.5,6.4,38.1,9.1,0.4,9.4,227.7,39.5,172.1,4.3
Jul-08,*,0.8,17.5,12.2,6.1,35.9,9.5,0.3,9.8,265.1,43,175,3.8
Aug-08,,1.3,16.8,12.4,5.2,34.3,10.1,0.4,10.4,303.4,49.7,173.7,4
Sep-08,,1.4,21.7,14.9,5.4,42.1,11.5,0.4,11.9,323.2,51.3,181.1,4.5
Oct-08,*,1.3,21.3,15,4.7,41,12.4,0.4,12.8,316.8,47.8,180.8,4.3
Nov-08,,1.3,19.7,15.4,4.8,39.9,14.1,0.4,14.6,322.4,47.7,184.2,4
Dec-08,,1,17.9,14.9,4.4,37.2,11.2,0.3,11.5,323.5,52.6,173.4,3.4
Jan-09,*,0.7,17.2,16,4.3,37.4,9.7,0.3,10,251.8,41.4,163.2,3.8
Feb-09,,0.7,18.6,17,4.1,39.8,9.4,0.3,9.7,227,42.6,168.5,4
Mar-09,,0.9,18.6,16.1,4.2,38.9,8.6,0.3,8.9,222.9,43.1,162.9,3.9
Apr-09,*,0.6,18.9,15.5,4.5,39,7.7,0.3,8,212.5,40.3,159.2,3.8
May-09,,0.5,18.8,14.8,5.4,38.9,8.1,0.4,8.4,192.9,37.8,156.1,3.6
Jun-09,,0.6,17.8,13.9,6.1,37.8,8.3,0.4,8.6,214.9,39.4,166.8,3.6
Jul-09,*,0.8,15.9,12.8,6,34.7,8.1,0.4,8.4,256.2,41,168.9,4
Aug-09,,0.9,15.6,12.1,5.3,33,8,0.3,8.3,306.2,46.6,172.2,4.1
Sep-09,,1.1,19.1,13.5,5.3,37.9,9.5,0.4,9.9,309.2,44.2,173.1,4.2
Oct-09,*,1.1,20.1,14.8,5.4,40.3,10.4,0.5,10.9,312.9,43.6,181.7,4.4
Nov-09,,1,20.3,15.5,5.8,41.6,11.2,0.6,11.8,311.7,48.3,185,4.3
Dec-09,,0.8,17.7,15,5.5,38.1,9.4,0.5,9.8,275.4,38.2,180.3,3.8
Jan-10,*,0.6,17,14.2,5.1,36.3,8.9,0.3,9.2,191.8,30,168.9,4
Feb-10,,0.9,19.5,15.8,5.3,40.6,10.6,0.5,11.1,189.1,34.7,175.6,4.4
Mar-10,,1.1,19.9,15.6,5.7,41.1,9.4,0.4,9.8,204.7,33,176.8,4.5
Apr-10,*,0.8,19.7,14.8,5.9,40.4,8.4,0.5,8.9,185.6,32.7,171.7,4.2
May-10,,0.7,19.5,14.4,6.8,40.7,8.6,0.6,9.3,175.2,33.2,173.5,4.1
Jun-10,,0.8,18.2,13.9,8.3,40.4,8.5,0.6,9.1,190.9,34.5,171.2,3.8
Jul-10,*,1,17.6,13.1,8.4,39.1,9.4,0.5,10,244.6,37.9,171.4,Data are confidential
Aug-10,,1.4,17.5,12.9,7.9,38.3,9.2,0.6,9.8,286.4,43,179.8,Data are confidential
Sep-10,,1.8,20.8,14.3,6.7,41.7,10.7,0.6,11.3,282.8,41.2,182.4,Data are confidential
Oct-10,*,1.9,21.8,15.3,6.4,43.4,12.4,0.6,13,283.5,40.9,188.3,Data are confidential
Nov-10,,1.8,21.3,16.6,6.3,44.2,15.2,0.6,15.8,305.5,47.4,195.8,Data are confidential
Dec-10,**,1.3,17.9,14.5,5.4,37.7,10.4,0.4,10.8,250.4,39.1,177.8,Data are confidential
Jan-11,*,1.3,19.7,16.6,5.6,41.9,13,0.6,13.6,204.5,39.2,179.8,Data are confidential
Feb-11,,1.9,20,16.9,5.5,42.4,11.8,0.5,12.3,206.8,40,190.8,Data are confidential
Mar-11,,2,20.9,16.2,5.8,42.8,10.6,0.5,11.1,201.5,35.2,189.5,Data are confidential
Apr-11,*,1.5,19.9,15.1,5.7,40.7,9.2,0.4,9.6,192,34.4,177.2,Data are confidential
May-11,,1.4,19.8,15.3,7.3,42.4,11,0.5,11.5,180.2,34.3,177.9,Data are confidential
Jun-11,,1.3,18.4,14.4,7.9,40.7,11.7,0.5,12.2,210.7,35.2,184.9,Data are confidential
Jul-11,*,1.3,17.1,13.3,7.1,37.5,10.8,0.5,11.3,259.7,39.1,186.9,Data are confidential
Aug-11,,1.3,19.1,13.6,6.3,39,11.2,0.4,11.6,278.7,40,189.6,Data are confidential
Sep-11,,1.9,21.5,14.9,5.8,42.2,13,0.5,13.5,291.5,40.1,199.2,Data are confidential
Oct-11,*,1.8,20.7,15.3,5.1,41.1,14.2,0.5,14.7,312,44.8,198.9,Data are confidential
Nov-11,,1.7,20.2,16.4,5.3,41.9,15.2,0.5,15.7,284,42.8,207.1,Data are confidential
Dec-11,,1.3,17.3,14.2,4.3,35.8,11.1,0.3,11.5,251.8,39.5,185.7,Data are confidential
Jan-12,*,1.2,17.8,15.1,4.4,37.3,11.8,0.3,12.1,195.4,34.1,188,5.1
Feb-12,,1.6,19.4,15.6,4.6,39.5,11,0.3,11.3,196.4,34.8,192.2,4.8
Mar-12,,1.8,19.5,15,4.7,39.2,9.7,0.3,10.1,204.4,33.5,192.8,5.2
Apr-12,*,1.1,19.5,14.1,5,38.6,9.7,0.3,10.1,188.9,30.9,186.8,4.9
May-12,,0.9,19.4,13.7,6.1,39.2,10.5,0.4,10.9,191,30.6,188.6,4.7
Jun-12,,0.8,17.1,12.2,6.5,35.8,10.3,0.4,10.8,195.7,30.8,184.8,4.7
Jul-12,*,0.9,16.8,12,6.9,35.7,11.9,0.4,12.3,229.8,35.2,191.6,5.2
Aug-12,,1.4,17.2,12,6.2,35.4,11.4,0.3,11.8,262.1,37.5,195.2,5.3
Sep-12,,2,19.3,12.7,5.7,37.8,13.6,0.4,14,260.2,37.2,196.5,5.9
Oct-12,*,1.9,20.1,14.2,5.4,39.8,15.5,0.5,15.9,293,43.7,201,5.5
Nov-12,,2,19.5,15.2,5.4,40.1,16.2,0.5,16.7,267.8,38.2,207.9,5.3
Dec-12,,1.5,17,13.6,4.4,34.9,11.7,0.4,12.1,263.3,39.2,191.6,4.3
Jan-13,*,1.5,17.4,14.4,4.4,36.2,12.6,0.3,12.9,220.4,37.8,189.3,5.1
Feb-13,,2.2,19,15.2,4.7,38.9,11.8,0.4,12.1,224.1,39.8,196.5,5.1
Mar-13,,2.4,18,14.1,4.8,36.9,10.1,0.3,10.5,223.9,37.4,191.8,5.1
Apr-13,*,1.6,18.8,14.2,5.4,38.3,10.7,0.4,11.1,196,35.3,189,4.9
May-13,,1.3,18.1,13.7,6,37.8,10,0.4,10.4,182.4,35.9,183.2,4.8
Jun-13,,1.1,17.3,13.4,7.1,37.8,9.9,0.4,10.3,209.1,36.9,186.1,5
Jul-13,*,1.3,15.7,12.3,7,35,10.4,0.4,10.8,239,39.1,193,4.7
Aug-13,,1.7,14.5,12,6.4,33,10.1,0.4,10.6,264.6,42.6,192.5,4.7
Sep-13,,2.2,18,13.6,6,37.6,12.1,0.5,12.6,276.9,41.5,198.3,5
Oct-13,*,2.2,19.3,14.8,5.4,39.5,13.1,0.5,13.6,301.3,47.3,202.4,4.8
Nov-13,,1.9,18.5,15.4,5.6,39.5,14,0.5,14.5,268.1,41,207.1,4.9
Dec-13,,1.5,15.9,13.3,4.8,34,10,0.4,10.4,266.9,42.6,189.8,4
Jan-14,*,1.5,17.1,14.6,4.5,36.2,11.7,0.3,12.1,210.7,36.4,188.1,4.9
Feb-14,,2.2,18.8,15.5,4.6,38.9,11.7,0.4,12.1,200.3,36.3,195.8,4.9
Mar-14,,2.8,18.8,15.1,4.7,38.7,10.6,0.5,11.1,206.6,33.3,194.5,4.9
Apr-14,*,2.1,18.8,14.3,4.5,37.7,9,0.4,9.4,220.7,31.8,187.5,4.8
May-14,,1.7,19.2,14.2,5.6,39,9.5,0.5,10,201.1,30.1,188,4.9
Jun-14,,1.7,18.5,13.2,6.3,37.9,9.8,0.5,10.3,231.7,32.9,193.3,4.7
Jul-14,*,2,17.1,11.9,6.3,35.3,9.4,0.4,9.9,254.6,34.3,193.9,4.5
Aug-14,,2.3,17.6,12.4,5.2,35.3,10.8,0.5,11.2,269.6,38.6,193.7,4.3
Sep-14,,2.8,19.8,13.4,4.5,37.8,11.6,0.5,12.2,283.6,38.4,205.4,4.7
Oct-14,*,2.8,21.9,14.3,4.1,40.3,13.1,0.5,13.6,311,40,206,4.7
Nov-14,,2.2,21.6,15.4,3.6,40.7,14,0.5,14.5,287.3,32.5,217.1,4.7
Dec-14,,1.7,17.9,13.7,3.1,34.7,11.5,0.3,11.8,277.2,31.2,199.5,3.9
Jan-15,*,1.6,18.5,14.8,3.1,36.4,12.2,0.3,12.6,225.7,27.5,191.1,4.4
Feb-15,,2.3,20.1,15.7,3.1,39,12.2,0.3,12.6,219.3,29.3,204.3,4.8
Mar-15,,2.8,20.4,14.8,3.2,38.4,10.6,0.3,10.9,234.4,27.3,203,4.9
Apr-15,*,1.9,19.4,13.6,3.4,36.5,9.3,0.3,9.6,217.4,28.2,194.3,4.5
May-15,,1.3,18.5,13.2,4.1,35.8,9.1,0.3,9.4,208.2,26,196.9,4.5
Jun-15,,1.2,17.9,12.4,5.1,35.4,9.6,0.4,10,244.6,30.1,203.4,5
Jul-15,*,1.4,18.4,12.4,5.5,36.3,10.7,0.4,11.1,259.7,30.3,200.5,4.6
Aug-15,,1.7,17.5,12.1,5.3,34.9,11.3,0.4,11.7,284,33.9,205,4.6
####* Denotes a 5 week month####,,,,,,,,,,,,,
####** Denotes a 5 week month in a 53 week statistical year####,,,,,,,,,,,,,
"####The definition of Calves from May 2014 is “Bovines less than 1 year old”. Pre May 2014, the definition was “Bovines weighing less than 165kg”####",,,,,,,,,,,,,
