Updated on:,,17-Sep-15,,,,,Contact:,"Leigh Riley, Room 201, 2nd Floor, YKF,  GTN: 5137 5095",,,,,
Next update:,,15-Oct-15,,,,,Source:,"Slaughterhouse surveys, Defra, The Scottish Government, DARD (NI)",,,,,
,,,,,,,,,,,,,
,,,,,,Classification:,Public Domain,,,Units:,,,
,,,,,,,,,,,,,
,,,,,,,Adult Cattle,,,,,,
"UK monthly numbers of livestock slaughtered (based on statistical months, not calendar months)",5 week months and 5 week months in 53 week year,Prime Cattle Calves Thousand head,Prime Cattle Steers Thousand head,Prime Cattle Heifers Thousand head,Prime Cattle Young Bulls Thousand head,Prime Cattle Total Thousand head,Adult Cows Thousand head,Adult Bulls Thousand head,Adult Total Thousand head,Sheep & Lambs Thousand head,Ewes & Rams Thousand head,Clean Pigs Thousand head,Sows & Boars Thousand head
Jan-73,*,12.2,141.7,56.6, ,198.2,77.2, ,77.2,855.7,108.7,1384.5,38
Feb-73,,10.9,132.5,48.6, ,181.1,64.3, ,64.3,607.6,84.7,1133.8,32
Mar-73,,13,152.2,49.2, ,201.3,55.1, ,55.1,558.5,78.5,1146.6,29.4
Apr-73,*,12.6,195.4,58.5, ,253.8,55.8, ,55.8,599.6,96.7,1384,36
May-73,,7.1,147.6,43.7, ,191.2,42.8, ,42.8,489.8,81.4,1102.1,29.4
Jun-73,,6.3,134.6,45.6, ,180.2,41.7, ,41.7,658.3,87.2,1076,27.5
Jul-73,*,8.6,162.8,67.3, ,230.1,52.8, ,52.8,1045.9,108.9,1368.3,33.5
Aug-73,,10.1,138.8,57.6, ,196.3,49.4, ,49.4,985.9,104.7,1104.6,28.5
Sep-73,,13.1,152.6,60.6, ,213.2,63.3, ,63.3,1173.8,128.6,1212.6,35.8
Oct-73,*,19.2,195.9,81, ,276.9,91.2, ,91.2,1445.8,179.9,1487.4,47.9
Nov-73,,15.3,157.5,66.9, ,224.4,84, ,84,1124.1,134.2,1157.5,40.7
Dec-73,,13.4,145.7,56.5, ,202.3,67.7, ,67.7,910.4,109.7,1112,35.1
Jan-74,*,20.9,194.1,72.3, ,266.4,97.2,4.1,101.3,1199.8,151.4,1420.2,49.2
Feb-74,,21.2,158.2,54.6, ,212.8,82,4,86,758,103.6,1194.8,45.2
Mar-74,,28,166.7,52.4, ,219.1,76.2,4.4,80.6,554.6,84.1,1212.1,46.4
Apr-74,*,27.5,202.6,61.7, ,264.3,65.4,5.3,70.7,561.4,104,1463.2,44
May-74,,18,149.8,52.1, ,202,51.4,4.3,55.7,493.2,83.4,1110.5,37.2
Jun-74,,20.6,150.2,61.7, ,211.9,54.8,3.9,58.7,723.2,95.1,1182.7,37.9
Jul-74,*,27.7,188.6,91.6, ,280.2,75.6,4.7,80.2,1055.4,111.6,1416.9,44.1
Aug-74,,32.6,156.9,77.5, ,234.4,70.3,3.9,74.2,931,92.3,1097.1,30.5
Sep-74,,45.1,186.7,87.3, ,273.9,83,4.5,87.5,1314.8,112.2,1187.7,35.2
Oct-74,*,70.4,250,119.3, ,369.3,118.3,6.1,124.3,1762.4,167.4,1400,38.7
Nov-74,,58.1,207,106.5, ,313.5,114.4,5.7,120,1340.4,130.5,1090.1,33.7
Dec-74,,45.2,195.5,92.8, ,288.3,101.1,5.3,106.3,907.6,109.8,1029.6,27.6
Jan-75,*,56.6,263.3,116.9, ,380.1,130.2,5.8,135.9,1101.3,146.5,1276.8,36.5
Feb-75,,53,210.1,91.8, ,302,93.4,5,98.4,709,107.1,1033,32.7
Mar-75,,51.4,194.6,76.4, ,271.1,89.7,5.6,95.3,598.2,92.9,1016.3,30.1
Apr-75,*,54.3,221.8,84.8, ,306.6,101.6,6.8,108.4,580.8,107.7,1218.1,32.9
May-75,,31.4,171.5,67.1, ,238.7,68.7,5,73.7,583.9,102.5,925.2,24.3
Jun-75,,29.1,157.7,74, ,231.7,74,4.6,78.6,729.3,102.9,898.9,22.6
Jul-75,*,46.4,213.5,110.3, ,323.8,89.7,4.9,94.6,1329.4,154,1115.3,27.3
Aug-75,,39.9,176,95.2, ,271.2,72.8,4.3,77,1147.6,112.3,857.8,21.2
Sep-75,,51.4,203.3,113.6, ,316.9,98.9,5.3,104.2,1361.8,150.2,971.5,26.2
Oct-75,*,55.6,253.1,141.5, ,394.6,131.2,8.1,139.3,1507.3,188.4,1191.1,31.1
Nov-75,,33.9,194.8,114.3, ,309,113.6,5.1,118.7,1090.1,147,971.7,27
Dec-75,,27.7,172.8,91.7, ,264.6,89.1,4.1,93.2,861.7,120.7,950.4,28.3
Jan-76,*,27.1,216.1,108.3, ,324.3,104.9,5.2,110.1,1083.3,139.6,1158.7,29
Feb-76,,27,186.2,85.5, ,271.7,73.5,4.5,78,738.5,100.6,946.7,25
Mar-76,,35.4,199.7,84.2, ,283.9,64.7,5.8,70.2,615.1,82.5,971.7,24.8
Apr-76,*,32.5,244,92.7, ,336.6,68.7,6.6,75.3,569.6,103.1,1174.7,29.1
May-76,,16.4,182.3,70.3, ,252.6,54.4,5.4,59.8,562.9,88.1,967.3,25.3
Jun-76,,12.4,145.3,73.5, ,218.8,51.8,4.5,56.3,733.1,94.3,924.4,23.2
Jul-76,*,19.8,164.5,97, ,261.5,69.6,4.8,74.4,1102.2,110.6,1145,27.4
Aug-76,,18.9,148.2,85.9, ,234.1,72.3,4.1,76.5,1141.4,110.7,997.9,25
Sep-76,,25.8,158.6,88.9, ,247.5,84.9,4.8,89.7,1285.4,128.7,1042.7,27.6
Oct-76,*,27.8,183.4,100.7, ,284.1,109,6.3,115.3,1213.1,143.7,1371,37.8
Nov-76,,22.5,148.3,81.1, ,229.5,91.7,4.8,96.5,1066,127.2,1131.8,34.4
Dec-76,**,29.4,166.9,84.8, ,251.7,82.9,4.8,87.7,1200.1,132,1321,37.6
Jan-77,*,31.6,177.3,88.5, ,265.8,95.4,5.4,100.7,1206.7,129.6,1300.1,40.8
Feb-77,,35.8,144.3,70.1, ,214.4,68.8,4.5,73.4,729.2,86.3,1117.8,34.6
Mar-77,,36.8,155.9,68.9, ,224.8,64.9,5.1,70,551.3,75.2,1115.2,34.4
Apr-77,*,30.5,197.9,77.9, ,275.8,67.3,6.4,73.7,504.3,89.3,1315,36.4
May-77,,15,152.3,63.3, ,215.6,56.8,5.7,62.5,558.9,81,1072,31
Jun-77,,10.3,128.4,67.4, ,195.8,55.8,4.7,60.5,692.1,89.7,1000.1,29.6
Jul-77,*,12.6,151.1,92.9, ,244.1,73.2,5.7,78.9,1119.2,105.1,1247,35.5
Aug-77,,13.5,134.8,86.6, ,221.4,63.2,5,68.2,988.5,97.5,1022.2,27.3
Sep-77,,18.2,151.9,91.3, ,243.2,73,5.1,78.2,935,105.4,1109.5,29.6
Oct-77,*,24.5,189.8,115.5, ,305.3,94.1,6.4,100.5,1108,129.3,1337.2,36.4
Nov-77,,19.8,162,98.8, ,260.8,95.6,5.8,101.4,955,110.9,1094.5,29.7
Dec-77,,15.2,149.2,84.4, ,233.7,73.5,4.6,78.1,812.5,96.1,1072.1,25.6
Jan-78,*,16.9,194.2,112.6, ,306.9,100.6,7.1,107.7,990.3,123,1272.1,34.2
Feb-78,,17,157.9,86.7, ,244.6,66.8,5.7,72.5,684,91.8,1032.3,28.3
Mar-78,,19.9,156.5,77.2, ,233.7,58.4,5.5,63.9,606.5,84.7,998.6,25.7
Apr-78,*,17.2,203.5,93.6, ,297.1,71.2,7.2,78.3,691.4,102.3,1277.1,32.7
May-78,,8.7,147.3,66.8, ,214.1,47,5.7,52.7,538.5,79.8,983.6,23.7
Jun-78,,6.9,135.3,75.2, ,210.5,50.4,5.1,55.5,667,88.6,993.5,27.1
Jul-78,*,7.9,161.5,98.5, ,260,66.5,5.3,71.8,1006.2,106,1255.1,31.1
Aug-78,,8.6,138.1,88.1, ,226.2,59.4,4.6,63.9,963.9,99.1,1006.9,24.8
Sep-78,,14.1,148.2,91.4, ,239.6,61.9,5,66.9,1024.7,107.2,1087.7,27.7
Oct-78,*,16.8,183.7,113.7, ,297.4,86.4,6.2,92.6,1314.2,131.6,1361.9,34.1
Nov-78,,11.3,154.2,93.7, ,247.9,83.4,5.3,88.7,1034.9,109.1,1116,34.7
Dec-78,,9.2,140.1,78.3, ,218.4,60.4,4.4,64.7,856.7,89,1048.2,29.9
Jan-79,*,14.2,190.1,104.2, ,294.2,83.9,5.5,89.4,1175.8,129.1,1305.6,31.5
Feb-79,,13.9,146.1,77.4, ,223.5,69.2,4.8,74.1,774.4,102.2,1076.8,26.9
Mar-79,,16.3,155.7,76, ,231.8,66.5,5.3,71.8,610.9,92,1107.5,28.3
Apr-79,*,14.6,195.3,84.8, ,280.1,73.8,6.7,80.5,567.2,109,1327.6,33.2
May-79,,8.6,151.4,63.7, ,215.1,58,5.5,63.5,400.6,76.2,1077.4,27.6
Jun-79,,7,129.3,65.9, ,195.2,60,5.1,65.1,516.2,84.3,1131.3,30.3
Jul-79,*,7.3,143,90, ,233,74.9,5.5,80.4,891.1,107.6,1367.6,34.9
Aug-79,,7.6,135,82.9, ,217.9,67.5,4.6,72.1,931,100,1096.8,27
Sep-79,,12.4,142.9,84.9, ,227.7,80.2,5.1,85.4,1036.2,107.6,1158.5,28.2
Oct-79,*,16.7,193.1,115.9, ,309,120.4,6.4,126.8,1452,156.5,1432.6,38.4
Nov-79,,13.7,159.1,96.3, ,255.4,107.2,5.6,112.8,1209.8,132.3,1180.3,33.1
Dec-79,,12.3,142.9,83.8, ,226.7,77,4,81,1012.7,109,1090.4,25
Jan-80,*,14.5,182.4,106.3, ,288.8,117.5,6,123.5,1138.9,151.6,1353.6,35.4
Feb-80,,11.5,145.1,82.2, ,227.2,82.5,5.4,87.9,743.5,115.4,1114.7,28.8
Mar-80,,14.4,152.9,79.9, ,232.9,69.2,5.5,74.8,637.1,97.9,1113.7,27.4
Apr-80,*,14.8,172.3,86.4, ,258.7,71.8,7.1,78.9,702.2,119,1326.2,30.1
May-80,,7.4,131.9,66.2, ,198.1,53.8,5.8,59.6,678.9,87.9,1043.2,23.7
Jun-80,,6.5,139.7,76.8, ,216.5,65.3,5.8,71.1,820.8,100.5,1087.7,23.8
Jul-80,*,7.4,168.4,101.9, ,270.3,75.7,6.2,81.8,1237.1,133,1332,29.5
Aug-80,,8.5,145.3,89.7, ,235,65.8,5,70.8,1265.4,115.8,1053.4,21.8
Sep-80,,13.1,163,97.4, ,260.5,82.9,5.5,88.4,1497.5,125.9,1142.6,25.2
Oct-80,*,17.8,210.6,124.7, ,335.4,120.1,7.1,127.2,1575.6,161,1420.5,30.7
Nov-80,,16,165.9,104.7, ,270.6,108.2,5.8,114.1,1525,130.8,1178.7,27.3
Dec-80,,13.1,156.4,95.4, ,251.9,80.5,5.5,86.1,1040,125.1,1129.9,24.5
Jan-81,*,12.2,186.3,107, ,293.4,95.5,6.9,102.4,1088.6,134,1334.5,33
Feb-81,,11.5,150.1,80.7, ,230.8,68,6.4,74.4,726.9,94.6,1114.5,27
Mar-81,,13.6,152.7,77.1, ,229.8,68.9,6.4,75.3,558.2,83,1130.5,26.9
Apr-81,*,12.8,186.7,86, ,272.7,68.1,7.9,76,616.3,112.7,1333.3,28.4
May-81,,6.2,143.6,63.9, ,207.6,58.4,7.1,65.5,546.9,91.1,1074.9,24.6
Jun-81,,5.6,138.5,71.9, ,210.4,67.6,6.9,74.1,759,103.8,1096.1,24.9
Jul-81,*,6.6,157.5,92.3, ,249.8,76.5,7.1,83.5,1451.9,130.5,1289.6,27.4
Aug-81,,10.2,141.7,84.7, ,226.5,61.9,6,67.9,1477.7,114.8,1061.4,24.4
Sep-81,,9.6,158.2,87.2, ,245.4,66.8,6.2,73,1506.7,126.4,1095.5,25.1
Oct-81,*,12.5,202.8,111.4, ,314.2,93.9,8.5,102.4,1572.3,154.2,1434.2,32.9
Nov-81,,9.9,145.3,87, ,232.2,81.1,7.6,88.7,1185.6,118.5,1193.4,27.8
Dec-81,**,9.2,163.6,90.1, ,253.7,71.5,7.8,79.3,1100.5,123.7,1378.6,26.6
Jan-82,*,10.9,161.6,86.8, ,248.4,88.9,8.3,97.2,957.7,108.7,1364.2,34.7
Feb-82,,8.2,128.9,67.4, ,196.3,61.1,6.8,67.9,719.7,81.9,1121.2,26.7
Mar-82,,9.6,132.2,65.5, ,197.8,56.3,7.8,64.2,634.9,80.2,1126.3,27.4
Apr-82,*,9.1,160.7,73.5, ,234.2,58.5,9.5,68,635.9,105.9,1312,29.9
May-82,,5.4,129.5,58.8, ,188.4,46.1,8.7,54.8,636.5,86.3,1098.7,26.1
Jun-82,,4.8,122.2,66.3, ,188.5,51.9,8.2,60.1,974.2,92.2,1098.3,26.3
Jul-82,*,6.7,147.1,86.3, ,233.4,66.2,8.5,74.7,1489.9,116.1,1353.8,32.4
Aug-82,,6.1,132.4,77.8, ,210.3,55.4,7.1,62.5,1446.6,108,1104.2,25.7
Sep-82,,8,150.4,81.1, ,231.5,64.7,7.9,72.6,1434.6,125.7,1196.1,29.8
Oct-82,*,9.1,181.2,103.8, ,285,92.8,10.3,103.3,1561.2,152.3,1495.1,37.1
Nov-82,,8.4,139.3,87.8, ,227.1,86.3,9.2,95.6,1131.5,130.3,1264.9,31.3
Dec-82,,7.3,131.4,76.8, ,208.1,57,8.7,65.8,960.5,123.1,1167.2,25.4
Jan-83,*,9.7,166.6,96.6, ,263.3,81.2,11.3,92.6,1194.8,136,1424.2,35.6
Feb-83,,9.3,146.6,79.6, ,226.1,58.6,9.8,68.4,745.5,105.1,1217.8,32.8
Mar-83,,10.1,152.4,78.4, ,230.7,52.2,10.9,63.2,686.3,88.6,1205.6,36.1
Apr-83,*,10.1,186,87.9, ,273.9,62.8,13.4,76.2,638.9,111.4,1517.6,48.1
May-83,,6,137.6,65.3, ,202.9,50.1,12,62.8,547,93.1,1210.2,38.9
Jun-83,,5.1,120.5,70.6, ,191.1,54.1,10.9,64.9,843.3,94.3,1195.2,39.1
Jul-83,*,6.4,135.8,88.6, ,224.4,62,10.8,72.8,1631.8,114.1,1388.4,41.1
Aug-83,,6.5,130.4,83.4, ,213.8,55.5,8.8,64.3,1509,107.2,1142,31.1
Sep-83,,10.2,152.1,91.8, ,243.9,71.9,10.8,82.7,1584.8,138.4,1249.2,34.6
Oct-83,*,17.3,193.6,115.3, ,308.9,97.3,14.5,111.8,1829.4,170.8,1531.4,42.2
Nov-83,,14.9,170.4,99.6, ,270,82.8,12.4,95.2,1391.9,133,1288.5,33.2
Dec-83,,11.9,141.7,88.1, ,229.8,65.8,11.2,77,1045.1,128,1179.3,26.9
Jan-84,*,15.8,182.5,109.9, ,292.5,89.1,14.7,103.8,1168.2,152.2,1418.8,35.5
Feb-84,,12.1,155.9,89.3, ,245.2,68.8,13.3,82.2,731.2,112.4,1165.9,29.6
Mar-84,,14.4,168,89.6, ,257.6,67.4,14.9,82.3,622.1,94,1116.7,27.8
Apr-84,*,11.3,191.9,94.2, ,286.2,87.6,16.9,104.5,667.8,135.9,1335,29
May-84,,6.5,139.6,74.3, ,213.9,67.3,13.4,80.7,713.2,101.5,1094.6,23.9
Jun-84,,5.8,122.5,79, ,201.5,69.8,13.1,82.9,1306.1,111.2,1094.3,23
Jul-84,*,7.6,144.1,101.5, ,245.6,74.5,13.8,88.3,1454.2,150.5,1350.9,27.3
Aug-84,,7.1,133.7,85.8, ,219.5,58.7,10.1,68.8,1325.1,116.6,1065,24.5
Sep-84,,12.4,164.1,98.2, ,262.3,80.1,13.9,94,1572.3,148.1,1152,24.5
Oct-84,*,16.9,219.4,126.5, ,345.8,106,18.8,124.8,1709.1,183.1,1460.4,30
Nov-84,,11.8,158,110.1, ,268,93.3,17.4,110.7,1100.3,144.3,1215.7,24.2
Dec-84,,10.9,136.4,98.5, ,234.9,69.2,15.1,84.2,985.4,148.3,1149.1,19.8
Jan-85,*,13.6,180.6,120.7,23.5,305.3,95.1,19.8,114.9,1335.9,162.7,1366,29.6
Feb-85,,9.5,142.4,92.2,19,237.5,66.8,15.1,81.8,1006.6,112.9,1135.5,25.6
Mar-85,,9.8,154.7,94.6,20.5,251.7,68.8,17.2,86,863,108.8,1157.6,26.8
Apr-85,*,8.7,181.6,108.6,26.5,294.7,79.7,21.6,101.3,718.3,137.8,1398.5,31.4
May-85,,4.7,140.1,80.2,21.5,222.2,57,17.6,74.5,689,108.3,1115.4,25.3
Jun-85,,4.4,127.7,80.1,19.2,212.2,54.9,15.4,70.2,1072.9,116.7,1135,26.1
Jul-85,*,5.5,149.4,102.3,21.3,254.7,68.1,16.6,84.7,1584.2,140.8,1413.2,30.5
Aug-85,,5.4,137.5,87.6,17.5,228,62.4,14.2,76.6,1339,133.8,1130.6,23.2
Sep-85,,10,158,94.4,18.8,256.4,70,15.2,85.2,1523,142.7,1196.8,26
Oct-85,*,13.6,211.7,123.4,26.2,342.3,82.1,20.5,102.6,1726.8,170.7,1496.6,32.4
Nov-85,,8.2,157.5,109.7,23.4,271.1,69.5,18.4,87.8,1324.5,132.6,1247.5,27.2
Dec-85,,7.1,135.7,96.9,22.1,237.2,59.8,16.9,76.7,1141.1,100.3,1186,22.6
Jan-86,*,8.8,165.2,110.7,25.7,301.6,77.7,1.1,78.8,1214.5,125.4,1388.2,33
Feb-86,,5.9,135.8,87.5,20.8,244.1,56.4,0.9,57.3,942.4,95.7,1155.2,26.8
Mar-86,,7,132.7,84.8,20.5,238,56.1,1.1,57.2,782,99.7,1153.5,24.8
Apr-86,*,7.4,162.8,98,26.7,287.5,72.8,1.4,74.2,655.1,133.3,1443.5,32.7
May-86,,4.1,126.4,72.2,21.4,220,51.7,1.3,53,594.8,99,1125.5,24.6
Jun-86,,3.3,116,70.9,20.5,207.4,49.7,1.4,51.1,869.8,105.8,1165.6,27.1
Jul-86,*,4.1,132.4,92.7,23.4,248.4,60.4,1.3,61.7,1467.3,123.3,1430.6,33.5
Aug-86,,4.8,125,81.7,19.4,226.1,51.8,1.1,52.9,1375.8,118.4,1154.7,26.5
Sep-86,,8.2,137,94,20.6,251.6,65.4,1.3,66.7,1590.6,114,1224.3,27.3
Oct-86,*,10.4,175.8,122.8,26.3,324.9,86.5,2,88.5,2077.4,142.9,1533,35
Nov-86,,7.7,150.5,108,23.1,281.6,75.7,1.5,77.2,1397.5,121.2,1279.7,27.9
Dec-86,,6.9,128.2,99.4,22.8,250.3,62.9,1.2,64.1,1100.6,126.4,1213.6,22.7
Jan-87,*,9.8,160.2,119.9,27.4,307.5,94.5,1.5,95.9,1213.2,131.3,1414,31.3
Feb-87,,5.7,128.4,92.1,21.4,241.8,71.4,1.4,72.8,1023.6,107.2,1181.8,30.1
Mar-87,,6.2,139.5,95.8,23.1,258.3,71.2,1.5,72.7,948.5,108.9,1180.4,29
Apr-87,*,6.9,146.3,107.2,27.6,281.1,78.9,2,80.9,871.1,141.5,1413.1,32.9
May-87,,3.9,118.2,81.4,23.3,223,61.4,1.8,63.2,683.2,110,1121.3,25.7
Jun-87,,3.1,113.3,83,23.6,219.8,60.9,1.5,62.4,902.2,106,1162.4,27.1
Jul-87,*,4.6,131,99.6,25.9,256.5,77.4,1.5,78.9,1420.1,133.9,1422.6,29.6
Aug-87,,4.2,116.1,89.1,21.7,226.9,68.5,1.5,69.9,1303.6,129,1170.5,22.1
Sep-87,,6.2,128.5,91.7,21.8,242.1,73.2,1.6,74.8,1504.5,134.4,1182.1,26.1
Oct-87,*,6.9,171.4,122.5,29.1,323,97.2,2,99.2,1799.8,159.5,1515.6,31
Nov-87,,4.5,134.1,107.8,24.5,266.4,77.3,1.6,78.9,1222.3,128.5,1264.1,27.5
Dec-87,**,4.4,142.8,112.9,28.1,283.8,66.2,1.3,67.5,1335.6,144.5,1440.1,26.2
Jan-88,*,4,143.6,106.5,27.7,277.9,73.8,1.2,75,1547.8,110.5,1491.2,36.4
Feb-88,,2.6,109.3,80.1,20.3,209.7,48.7,1,49.7,1204.2,87.7,1204.2,30
Mar-88,,2.6,110.8,74.5,21.5,206.9,46,1,46.9,1020.9,94.4,1167.2,29.9
Apr-88,*,2.9,130.1,85,26.5,241.6,53,1.3,54.3,961.3,129.4,1419.3,36.4
May-88,,1.7,103.4,66.6,23.1,193.1,38.3,1,39.3,859.4,108.2,1165.7,29.5
Jun-88,,1.8,95.3,64.8,21.6,181.6,40.5,0.9,41.4,1086.1,99.7,1178,31
Jul-88,*,2.5,117.8,86.1,24,227.8,55.4,1.3,56.7,1525.1,144.8,1474.6,36.6
Aug-88,,2.7,99.9,69,19.3,188.2,49.9,0.9,50.7,1280,122.5,1156.6,28.8
Sep-88,,3.5,118,76.5,19.5,214,55.3,1.1,56.5,1537.6,145,1214.3,29.3
Oct-88,*,4.6,161.1,103,24.4,288.4,78.5,1.8,80.3,1949.9,183.6,1519,39.6
Nov-88,,3.3,129.5,92.4,21.3,243.2,69.2,1.5,70.7,1398.9,149.7,1252.1,31
Dec-88,,2.4,103,75.8,18.3,197,53.4,0.9,54.3,1231.9,149.6,1157.9,25.1
Jan-89,*,2.9,131.4,98.6,25.7,255.7,75.5,1.5,77,1633.2,155.2,1400.3,34.8
Feb-89,,1.9,116.1,80.8,21.5,218.5,50.7,1.5,52.1,1399.2,124.9,1128.6,26.8
Mar-89,,1.9,124.8,86.2,23.5,234.6,43,1.4,44.4,1125.7,119.6,1069.9,24
Apr-89,*,2.2,129.4,75.9,27.1,232.4,59.5,1.8,61.2,1033.9,161.4,1346.1,29.6
May-89,,1.4,99,59.7,25.2,183.8,42.6,1.5,44.1,883.2,115.5,1069.4,24.8
Jun-89,,1.4,99,67,25.7,191.6,45,1.5,46.4,1188.6,119.6,1079.7,25.8
Jul-89,*,2.2,120.7,85.6,27,233.3,57.3,1.5,58.8,1825.2,151.2,1334,31.5
Aug-89,,2.4,110.1,72.5,22,204.6,49.1,1.4,50.5,1758.7,132.2,1071.4,25.5
Sep-89,,2.9,118.3,76.1,23.5,217.9,57.5,1.7,59.2,1918.6,145.3,1101.2,28.9
Oct-89,*,3.8,161.6,98.7,30,290.3,76.8,2.4,79.3,2232.4,198.6,1370.7,33.1
Nov-89,,2.8,137.8,87.3,24.2,249.3,68,2,70,1505.1,168.8,1162.2,25.8
Dec-89,,2.3,109.6,79.1,22.2,210.9,47,1.2,48.2,1349.8,172.3,1049,20.8
Jan-90,*,2.6,132,100.2,30.2,262.4,66.9,1.6,68.5,1598,197.6,1315.1,30.4
Feb-90,,2.3,104.5,79.3,23.8,207.6,50,1.4,51.4,1249.7,158.1,1054.9,26.2
Mar-90,,2.6,110.8,77.3,26,214,48.3,1.5,49.8,1147.1,148.3,1046.6,26.1
Apr-90,*,2.6,136.3,89.5,32.8,258.5,54.3,1.8,56.1,1191.9,166.1,1254.7,29.6
May-90,,1.6,79,55.7,23.5,158.3,37.2,1.4,38.5,1123.3,116.9,1006.8,23.5
Jun-90,,2.2,104.2,68.1,29.1,201.4,34.1,1.6,35.7,1427.3,123,1052.6,24.9
Jul-90,*,4.3,127.3,87,30.9,245.2,56.2,2,58.3,1879.5,149.2,1300.3,30.2
Aug-90,,5.3,112.8,77.3,23.8,213.9,41.4,1.4,42.8,1675.8,127.1,1042.5,21.2
Sep-90,,5.4,133.3,90,26.9,250.3,52.8,1.5,54.3,1751.7,147.1,1107.7,25.1
Oct-90,*,7.6,183.8,111.3,32.3,327.4,70.6,1.8,72.4,2144.3,189.2,1413.3,35.4
Nov-90,,4.9,140.6,101.8,28.2,270.6,63.6,1.5,65.1,1559.4,162.3,1170.8,29.2
Dec-90,,4.4,109.2,89.9,25.1,224.1,50.5,1.1,51.6,1429.3,149.2,1113.3,22.8
Jan-91,*,4.6,142.6,106,32.1,280.7,75.4,1.7,77.1,1781,170.2,1325.1,34.7
Feb-91,,3.2,107.3,84.6,26.2,218.1,54.6,1.4,56,1352.6,134.3,1054.5,28.1
Mar-91,,3.6,118.7,84.2,28.2,231.1,49.7,1.5,51.2,1277,137,1056.2,28.7
Apr-91,*,3.9,122.6,99,41.4,262.9,61.4,1.9,63.3,1223,162.1,1307.6,34.1
May-91,,1.9,94.5,74.4,34.6,203.6,47,1.6,48.6,1037.8,118.4,1014,24.7
Jun-91,,2,98.9,81,35.1,215.1,50.8,1.8,52.6,1474,126.4,1076.5,26.2
Jul-91,*,4.8,93.8,95.8,34.5,224.1,60.5,1.8,62.3,2019.4,135.2,1328.1,34
Aug-91,,4.9,95.4,77.8,24,197.2,50.9,1.3,52.3,1668.4,119.7,1069.1,25.5
Sep-91,,7.1,109.6,86,23.8,219.3,57.9,1.8,59.7,1915.2,129.4,1137.2,30
Oct-91,*,5.4,165.5,107.3,30.2,303,79.8,2.4,82.2,2294,164.5,1413.7,37.8
Nov-91,,4,132.8,101.3,28.3,262.4,73.8,2.3,76.1,1787,136.9,1191.4,34
Dec-91,,3.7,100.2,90.7,24.9,215.8,51.9,1.4,53.3,1426,128.1,1117.6,27.9
Jan-92,*,4.3,121.4,106.8,32.2,260.4,71.5,1.8,73.3,1401.2,161.8,1332.9,39.2
Feb-92,,2.4,110.7,80.3,26.1,217.1,49.9,2,51.9,937.1,127.5,1074.3,31.4
Mar-92,,2.3,104.7,79,29.1,212.7,46.3,2,48.3,984.6,129.3,1066.6,30.8
Apr-92,*,2.3,127.9,90.6,39.3,257.8,53.2,2.5,55.8,1250.6,143.3,1258.2,34.4
May-92,,1.6,85.2,64.6,32.8,182.6,39.4,2.1,41.5,994.8,102.1,1003.7,26.4
Jun-92,,1.9,83.3,68.3,34.2,185.8,41.1,1.8,42.9,1275.4,119.5,1043.7,27.2
Jul-92,*,3.1,98.1,89.3,34.1,221.4,54.7,1.6,56.3,1749.5,129.9,1302,35.5
Aug-92,,3.3,91.3,72.7,23.8,187.7,46.1,1.5,47.6,1677.8,118.7,1074.4,27.6
Sep-92,,3.1,110,80.1,22.6,212.7,53.4,1.8,55.2,1710.6,126.3,1089.1,28.2
Oct-92,*,3.4,160,104.1,27.5,291.6,65.3,2,67.3,2239.5,158.1,1423.4,38.6
Nov-92,,2.4,122.5,93,23.3,238.8,55.1,2,57,1717.7,136.8,1167.3,28.4
Dec-92,**,2.3,124.9,106.6,27.1,258.6,50.5,2,52.4,1916.6,156.2,1324.6,27.5
Jan-93,*,1.9,135.6,102.2,30.4,268.2,62.1,2.2,64.3,1650.7,147.7,1378.6,36.1
Feb-93,,1.2,107.8,76.4,24.5,208.7,48.2,1.6,49.8,1101.1,118,1076.7,28.8
Mar-93,,1.2,109.2,68.3,28.6,206,43.7,2.1,45.8,981.8,121.2,1046,28.2
Apr-93,*,1.3,100.8,81.9,28.4,211.1,42.5,2,44.4,928.1,139.2,1260,32.3
May-93,,0.9,75.5,61,26.7,163.2,34.3,1.5,35.8,892,124.5,1052.7,26.1
Jun-93,,1.1,65.5,57.5,26.5,149.5,38,1.4,39.4,1135.5,107.7,1059,25.3
Jul-93,*,2,88.2,74.1,29.3,191.7,53.4,1.8,55.2,1719.7,138.1,1343.3,32.1
Aug-93,,1.8,81.9,62.5,20,164.4,42.5,1.4,43.9,1580,124.3,1074,24.6
Sep-93,,2,92.4,64.3,20.9,177.5,47.5,2,49.5,1812.2,146.8,1166.4,28.4
Oct-93,*,2,121.4,84.3,26.4,232,64.8,3,67.8,2217.6,193.5,1485.7,35.3
Nov-93,,1.8,100.8,77.5,21.7,200.1,54.4,2,56.4,1697.7,162.1,1226.7,32.2
Dec-93,,1.4,84,73.1,19.4,176.5,42.1,1.1,43.2,1473.1,152,1095.7,26.2
Jan-94,*,1.6,109.7,87,25.5,222.2,63.6,2,65.6,1557.6,186.3,1399.5,38.1
Feb-94,,1,93.9,69.2,21,184.1,48.9,1.7,50.5,1114.5,159.9,1133.9,31.2
Mar-94,,1.1,98.8,64.1,23.8,186.7,43.7,1.5,45.2,1055.6,158.9,1092.1,29.7
Apr-94,*,1.3,121.5,69.5,32.6,223.7,49.3,2.3,51.6,922.3,188.8,1336.4,35.4
May-94,,1,88.2,60.2,32.5,180.9,42.6,2.1,44.7,864.2,165.5,1097.7,29
Jun-94,,1.1,82.7,60.9,32.4,176,46.7,2.6,49.3,1144.3,152.9,1111.7,29.8
Jul-94,*,2.6,89.7,72.8,32.9,195.4,49.3,2.4,51.6,1788,195.2,1386.6,35.7
Aug-94,,2.4,87.2,68.8,24.9,180.9,42.9,1.9,44.8,1637.3,194.8,1103.5,28
Sep-94,,2.7,99.8,73.2,25.1,198.1,61.4,2.2,63.6,1764.2,199.8,1174.6,32.4
Oct-94,*,3,126.6,95.8,28.4,250.9,83.7,3,86.7,2088.7,260.8,1492.8,40.5
Nov-94,,2.2,101.5,84.1,24,209.5,74.3,2.5,76.8,1489.4,212.5,1238.9,33.7
Dec-94,,2.2,87.5,78.1,20.9,186.5,62.1,1.6,63.7,1263.5,194.1,1113,25.1
Jan-95,*,2.1,103.2,97.8,28.1,229.1,88.5,2,90.6,1348.5,233.2,1361.5,37.5
Feb-95,,1.2,93.5,80.4,24.5,198.5,62.7,1.7,64.4,1051.3,192.5,1099.3,30
Mar-95,,1.5,103.2,74.7,28.3,206.2,54.5,1.4,55.8,1018.2,176.4,1055.9,30.3
Apr-95,*,1.7,124.3,86,38.7,249,63.3,1.6,65,1167.4,218.7,1303.5,32.9
May-95,,1.2,95.3,65.5,35.5,196.4,53.2,1.5,54.7,986.8,176.9,1025.7,25.6
Jun-95,,1.5,85.7,68.3,39.7,193.7,60.6,1.3,61.9,1202.8,177.7,1080.8,27.3
Jul-95,*,3.5,97.3,83.2,38.8,219.3,68.1,1.6,69.7,1894.7,219.9,1327,33.1
Aug-95,,3.5,89.3,70.4,28.5,188.2,60.7,1.4,62.1,1646.1,220,1055.9,25.2
Sep-95,,3.1,97.6,77.1,30.9,205.6,64.2,1.6,65.9,1639.7,222,1104.3,28.9
Oct-95,*,2.9,120.1,93.9,33.9,248,83.4,1.9,85.3,1883.3,273.9,1399,34.8
Nov-95,,1.9,92.8,80.7,26.3,199.9,60.4,1.4,61.8,1477.4,222.9,1135.6,27.1
Dec-95,,2.1,64,61.8,20.5,146.3,47.6,0.9,48.4,1433.6,215.8,1068.6,22
Jan-96,*,2.3,91.2,89.8,32.3,213.4,80.9,1.4,82.4,1392.8,265.7,1278.1,32
Feb-96,,1.3,83.7,76.5,27.8,188,63.7,1.3,64.9,1025.7,194.1,1026.3,25.7
Mar-96,,1.4,65.2,53,21.7,139.9,40.3,0.9,41.2,958.3,151.9,1054.4,26
Apr-96,*,2.2,75.6,56.2,28.3,160.1,0.8,0.1,0.9,950.2,194.2,1268.3,29.3
May-96,,1,63.7,46.5,34,144.2,0.2,0,0.2,888,176.5,1000.8,22.3
Jun-96,,1.2,57.4,43.4,46.8,147.5,0.1,0,0.1,1169.9,180.1,1053.1,24.9
Jul-96,*,2.3,66.9,62.4,52.8,182.2,0.1,0,0.1,1805.8,214.3,1314.8,30.6
Aug-96,,2.4,73.7,53.7,30.4,157.8,0.1,0,0.1,1576,190.9,1060,25.2
Sep-96,,2.6,93,60.6,29.7,183.3,0.1,0,0.1,1561.7,206,1125.3,27.7
Oct-96,*,4,116.7,87.8,38.2,242.8,0.1,0,0.1,1810,263.5,1422.4,33.8
Nov-96,,2,81.6,76.3,30,187.9,0.1,0,0.1,1279.7,205.1,1179.8,26.9
Dec-96,,1.3,64.4,66.3,22.7,153.5,0.1,0,0.1,1198.5,190.4,1113.8,19.3
Jan-97,*,1.7,96,80.6,28.9,205.5,0.1,0,0.1,1314.8,219.3,1411.8,32.4
Feb-97,,0.8,83.8,66.7,24.4,174.9,0.1,0,0.1,970.4,151.6,1168.7,27.7
Mar-97,,1.3,94.5,58.1,24.7,177.3,0.1,0,0.1,945.4,136.7,1138,28.3
Apr-97,*,1.6,124.7,67,35.5,227.2,0.1,0,0.1,1010.2,152.4,1409.9,35
May-97,,1.3,90.5,51.9,34,176.3,0.1,0,0.1,836.3,125.3,1060.7,26.8
Jun-97,,1.2,84.1,56,38.3,178.4,0.1,0,0.1,1081.5,131,1140.6,28.1
Jul-97,*,1.7,99.5,69.5,37.7,206.7,0.1,0,0.1,1465.2,164.1,1442.3,32.4
Aug-97,,1.5,81.7,53.7,24.1,159.5,0,0,0.1,1274.1,139.5,1134.9,26.5
Sep-97,,1.8,94.5,60.8,22.8,178.1,0.1,0,0.1,1397.7,156.1,1221.5,29.7
Oct-97,*,2.7,117.9,82,27.3,227.3,0.1,0,0.1,1728.7,197.5,1525.9,38.5
Nov-97,,2.6,93.2,76.8,21.4,191.3,0.1,0,0.1,1363.8,165,1277.9,31.5
Dec-97,,1.8,72.3,70.4,17.9,160.6,0.1,0,0.1,1341.1,169.3,1200.2,26.2
Jan-98,*,1.9,101.1,84.7,23.6,209.4,0.1,0,0.1,1628.4,201.5,1522.1,38.2
Feb-98,,2,84.1,70.5,18.6,173.2,0.1,0,0.1,1280.3,146.3,1220.5,32.4
Mar-98,,2.3,92.2,60.1,21.9,174.2,0.1,0,0.1,1207.2,146.5,1198.2,31.4
Apr-98,*,2.2,118,70.2,29.6,217.8,0.1,0,0.1,1207.5,180.2,1416.3,36.5
May-98,,1.6,84.8,53.8,26,164.5,0.1,0,0.1,905,128.7,1123.3,27.4
Jun-98,,1.4,77.6,57.9,31.1,166.6,0,0,0,1056.3,133.1,1191.6,30.8
Jul-98,*,2.2,102.3,74,34.6,211,0.1,0,0.1,1520.2,170.3,1459,40.1
Aug-98,,2.5,88.1,57.7,22.5,168.4,0.1,0,0.1,1354.1,153.4,1213.4,33.2
Sep-98,,3.7,95.8,60.1,19.6,175.5,0.1,0,0.1,1345.4,155.4,1219.6,37.5
Oct-98,*,5.1,119.7,87,26.7,233.3,0.1,0,0.1,1831.1,202.2,1600.8,42
Nov-98,,4,89.9,80.9,22.4,193.2,0.1,0,0.1,1571.2,166,1292.5,31.2
Dec-98,**,3.2,90.4,94.9,23.9,209.2,0.1,0,0.1,1784.6,213.3,1414.4,33.8
Jan-99,*,3.3,99.7,99,24.3,222.9,0.1,0,0.1,1644.3,228.5,1546.7,41
Feb-99,,2.6,84.6,74.7,19.6,178.9,0.1,0,0.1,1151.2,177,1171.1,26.6
Mar-99,,2.7,83.6,65.7,20.5,169.7,0.1,0,0.1,1182.1,163.3,1096.5,25.3
Apr-99,*,2.4,101.5,72.5,29.5,203.5,0.1,0.1,0.2,1103.7,166.2,1315.1,32.1
May-99,,1.5,75.8,56.1,28.1,160,0.1,0,0.1,897.9,149.5,1061.4,26.5
Jun-99,,2.3,73.7,58.5,30.8,163,0.1,0,0.1,1160,165,1080.2,27.2
Jul-99,*,5.3,88.9,71.2,31.6,191.7,0.1,0,0.1,1646.8,219.3,1346.9,32.8
Aug-99,,10.9,79.6,59.3,21.7,160.6,0.1,0,0.1,1478.3,190.3,1060,25.8
Sep-99,,12.2,91.4,67.1,21,179.5,0.1,0,0.1,1575.3,188.3,1108,32.3
Oct-99,*,14.9,111.5,93.8,25.1,230.5,0.1,0,0.1,2119,249.3,1396.5,43.1
Nov-99,,10.5,88.1,87.7,21.2,197,0.1,0,0.1,1543.5,201.5,1172,35.3
Dec-99,,6.5,69.5,72.6,16.4,158.5,0.1,0,0.1,1325.9,189.9,995.3,30.7
Jan-00,*,9.9,90.2,104.1,23,217.3,0.1,0,0.1,1532,221.1,1325.2,42.6
Feb-00,,7.1,78.7,79.9,18.3,177,0.1,0,0.1,1078.4,164.4,1026.9,30.7
Mar-00,,10,86.2,67.8,19.9,173.9,0.1,0,0.1,962,157,995,28.2
Apr-00,*,11.1,102.4,80.4,28.3,211.1,0.1,0,0.1,1113.9,177.1,1151.2,29.2
May-00,,8,79.7,61.9,27.9,169.4,0.1,0,0.1,893.7,157.9,962,23.8
Jun-00,,11.2,72.5,61.2,34.1,167.9,0.1,0,0.1,1123.4,172.6,947.1,23.1
Jul-00,*,17.8,91.3,77.8,38.7,207.8,0.1,0,0.1,1608.9,234,1203,28.8
Aug-00,,14.1,79.6,62,26.2,167.8,0.1,0,0.1,1425.9,202.8,926.1,19.9
Sep-00,,15.7,91.6,67.9,26.6,186.1,0.1,0,0.1,1481.6,211.1,912.2,22.2
Oct-00,*,18.6,114,91.2,32.5,237.7,0.1,0,0.1,1833.7,289.7,1112.8,29.1
Nov-00,,15.8,87.2,82.8,28.3,198.3,0.1,0,0.1,1530.5,258.7,938.6,23.6
Dec-00,,12.8,63.9,71.8,24.4,160.1,0,0,0,1387.2,224.7,870.3,20.2
Jan-01,*,15,86.1,103,35.3,224.5,0.1,0,0.1,1476.2,217.1,1065,25.8
Feb-01,,10,66.6,67.9,22,156.5,0.1,0,0.1,846.1,137.8,702.3,16.7
Mar-01,,1,71.8,56.1,22.2,150,0,0,0,518.7,57.6,781.8,3.4
Apr-01,*,2,83,65.1,29.9,178,0.1,0,0.1,654.6,84.4,958.5,9.2
May-01,,2.7,67.5,51.3,30.3,149,0.1,0,0.1,572.3,95,782.7,9.4
Jun-01,,4.3,64.4,48.9,39.3,152.6,0,0,0,772.7,110.4,781.5,10.9
Jul-01,*,8.7,83.5,59,42.9,185.4,0,0,0,1118.2,170.2,984.9,18.8
Aug-01,,8.8,72.6,48.7,28.6,149.8,0,0,0,982.4,160.7,794.1,14.7
Sep-01,,11,88.5,57.5,26.9,172.9,0,0,0,1064.1,179,856.6,13.7
Oct-01,*,12.6,105.9,75.7,32.6,214.2,0,0,0,1274.9,208.1,1074,15.4
Nov-01,,9.3,81.1,71,30.2,182.3,0,0,0.1,1001.9,167.9,866.2,24.9
Dec-01,,6.4,65.8,64.2,26.5,156.5,0,0,0,951.2,142.6,798.7,16.6
Jan-02,*,6.1,89.1,86.7,30.3,206.1,0,0,0.1,1167.9,149.3,982.3,31.6
Feb-02,,5.1,85,67,25,177,0.1,0,0.1,979.2,136.8,817.7,28.9
Mar-02,,6.9,85.2,58.9,25.7,169.8,0.1,0,0.1,933.6,117.6,775,28.3
Apr-02,*,8.4,103.4,72.1,35.6,211.2,0.1,0,0.1,1020,137,953.9,33.1
May-02,,5.7,74,55.4,33.4,162.8,0.1,0,0.1,773.2,134.2,751.6,24.7
Jun-02,,6,67.7,51.6,35.6,155,0.1,0,0.1,836.5,130.9,729.1,24.3
Jul-02,*,11.3,91.4,68.5,44.4,204.3,0.1,0,0.1,1267.9,188,981.5,29
Aug-02,,9.3,75.6,53.9,28.1,157.6,0.1,0,0.1,1096.2,166.3,781.3,22.3
Sep-02,,11.2,84.4,59,26.8,170.2,0,0,0,1194.2,171.4,819,22.6
Oct-02,*,12.5,107.4,82.6,33,223,0.1,0,0.1,1485.8,217.2,1028.4,27.7
Nov-02,,8.8,82.6,74.7,28.4,185.8,0.1,0,0.1,1236.2,184.2,849.6,23.9
Dec-02,,6.8,66.5,69.6,24.3,160.5,0.1,0,0.1,1102.8,166.9,791.1,17.9
Jan-03,*,7.5,85.1,87.6,30.1,202.9,0.1,0,0.1,1267.4,186.5,917.2,28.9
Feb-03,,5.9,80.9,67.7,23.7,172.3,0.1,0,0.1,998.6,151,719.9,21.7
Mar-03,,6.4,83.5,59.9,25.8,169.3,0.2,0,0.2,898.1,122.5,713,20.4
Apr-03,*,6.1,99.6,72.1,33.7,205.4,0.2,0,0.2,950.2,154.2,839.6,22
May-03,,3.2,74.9,54.3,35.6,164.7,0.1,0,0.1,732.2,127.5,668.6,16.8
Jun-03,,4.1,71.2,54.4,38.2,163.8,0.1,0,0.1,894.7,141.2,695.6,17.6
Jul-03,*,6.8,88.2,67.2,46.2,201.6,0.1,0,0.1,1220.3,183.2,841.9,20.4
Aug-03,,6.8,73.7,51.1,30.1,154.9,0.1,0,0.1,1068.3,153.4,679.4,16.8
Sep-03,,9.2,87.3,57.5,30.1,174.9,0.1,0,0.1,1211,156.5,728,18.4
Oct-03,*,12.5,108.6,76.9,36.9,222.3,0.1,0,0.1,1568.4,219,901.8,22.2
Nov-03,,10.3,86.3,69.6,32.5,188.4,0.1,0,0.1,1223.8,168.1,737.3,17.9
Dec-03,,8.3,70,66.9,29.1,166.1,0.1,0,0.1,1145.5,153.1,691,17.7
Jan-04,*,7.7,82.5,81,34.4,198,0.1,0,0.1,1206.3,182.2,848,23.6
Feb-04,,6.7,82.5,66.2,27.6,176.3,0.1,0,0.1,904.4,141.9,701.2,19.8
Mar-04,,7.1,88.1,59.6,30.2,177.9,0.1,0,0.1,840.5,122.4,666.3,19
Apr-04,*,6.2,99.3,69,39.3,207.5,0.1,0,0.1,1010.3,148,804.9,21.2
May-04,,3,80.1,55.3,38.3,173.7,0.1,0,0.1,797.1,123.7,658.8,16.5
Jun-04,,3.3,66.6,52.1,39.8,158.5,0.1,0,0.1,864.2,137,668.1,18
Jul-04,*,6.2,84.4,64.7,48.3,197.4,0.1,0,0.1,1277.1,182.8,843.1,22.2
Aug-04,,8.7,80.1,56,34.9,171,0.1,0,0.1,1138.9,162.6,704.9,18.4
Sep-04,,13,88.5,57,29.6,175,0.1,0,0.1,1192.7,171,705,19.5
Oct-04,*,16.7,112.7,78,36.6,227.3,0.1,0,0.1,1552.9,224.1,896.6,21.9
Nov-04,,12.5,89.4,72.4,34.2,196,0.1,0,0.1,1279.8,177.4,764,17.4
Dec-04,**,11.8,96.5,94.6,39,230.1,0.1,0,0.1,1446,209,889.6,22.1
Jan-05,*,9.7,81.2,72.1,33.7,187,0.1,0,0.1,1246.7,211.8,867,20.8
Feb-05,,8.7,89.2,63.4,29.2,181.8,0.1,0,0.1,941.2,166.2,695.7,18.3
Mar-05,,7.6,85.4,57,28,170.4,0.1,0,0.1,977.3,162.6,648.2,17.7
Apr-05,*,6.3,109.8,71.4,40,221.3,0.1,0.1,0.2,1060.8,195.7,835.6,21.2
May-05,,4.9,84.9,55.2,37.7,177.8,0.1,0,0.1,796.2,156,666.6,16.1
Jun-05,,6.6,77.4,54,43,174.4,0.1,0,0.1,979.3,153.9,691.2,16.4
Jul-05,*,11.4,88.8,63.7,49.9,202.4,0.1,0,0.1,1324.5,196.2,836.7,19.5
Aug-05,,11.9,83.3,53.9,35.8,173,0.1,0,0.1,1216,174.7,686.2,16
Sep-05,,14.1,98.5,61.2,35.4,195.1,0.1,0,0.1,1302.5,190.1,706.5,14.3
Oct-05,*,13.9,112,76.4,39,227.3,0.1,0.1,0.2,1610.2,233.6,881.3,16
Nov-05,,8.7,92.3,73.5,32.3,198.1,8.5,0.2,8.7,1373.6,182,744.2,14.5
Dec-05,,7.1,78.1,69,26.7,173.7,9.5,0.2,9.7,1263.9,169.6,711.3,11.5
Jan-06,*,7,103,85.8,28.4,217.2,17.3,0.5,17.8,1341.4,221.3,818.3,17.1
Feb-06,,6,81.7,70.9,22.6,175.2,18.9,0.6,19.5,1052.5,172.7,684.6,14.3
Mar-06,,5.5,84,69.5,22.7,176.2,20,0.5,20.6,1038.9,171.9,681,15.3
Apr-06,*,3.4,96.8,76.8,28.2,201.8,23.4,0.7,24.1,1093.8,199.9,782.7,17.4
May-06,,2.5,85.3,64.6,28.9,178.7,24.1,0.9,25,825.1,157.3,665.1,14.2
Jun-06,,3.4,79.2,58.7,31.7,169.7,25.4,0.9,26.3,960.2,161.9,665.6,14.3
Jul-06,*,5.1,94.6,70.2,36.7,201.6,36.6,1,37.7,1306.6,211.7,832.4,19.7
Aug-06,,4,72.2,53.9,25.8,151.9,30.3,0.9,31.2,1223.9,185.6,686,15.2
Sep-06,,4,89.6,62.6,25.3,177.5,35.6,1.2,36.9,1310.6,195.5,725.6,17
Oct-06,*,4.4,113.2,80.4,27.1,220.7,52.1,1.5,53.6,1600.4,230.8,915.3,21.2
Nov-06,,3.2,93.2,70.9,22.6,186.7,46.8,1.2,48,1225.6,186.4,749.5,17.2
Dec-06,,2.7,78.8,63.8,18.3,160.9,33.8,0.9,34.7,1138.9,200.7,694,13.7
Jan-07,*,3,98.8,84.1,23.1,206,50.4,1.2,51.6,1145.9,206.8,830.7,19.5
Feb-07,,2.5,83.9,70.1,18.6,172.6,40.1,1.1,41.2,917.5,175.2,718.1,16.4
Mar-07,,2.8,85.9,67.6,20,173.4,33.6,0.9,34.5,984.5,168.5,715,17.8
Apr-07,*,1.9,103.1,76,26.2,205.4,36.1,1.1,37.2,1160.3,195.5,870.7,19.8
May-07,,1.4,81.1,60.1,25.9,167.1,28.3,1,29.2,919.6,154.7,683,14.9
Jun-07,,1.6,79.2,58.1,32.3,169.5,31.4,1.2,32.5,996,167.4,724.1,16
Jul-07,*,2.6,94.8,65,39.1,198.9,45.9,1.3,47.2,1385.6,211.1,882.1,21.9
Aug-07,,2.7,73.7,50.2,25.2,149.2,20.4,0.7,21.1,910.8,152.3,645,5.9
Sep-07,,6.7,85.7,57,25.2,167.9,28.4,0.7,29.1,1148.5,186.8,729.9,13.1
Oct-07,*,10.5,114,77.1,28.4,219.5,39.5,1.1,40.7,1431.4,221.2,959.9,12.5
Nov-07,,6.3,90,67.5,24.2,181.7,42.6,1.3,43.9,1291.4,179.6,797.6,30.7
Dec-07,,3.7,74.5,60.2,22,156.7,38.3,1,39.4,1289.2,204,717.8,21.4
Jan-08,*,3,90.5,76.3,24.9,191.7,53.9,1.4,55.4,1441.7,220.2,878.2,28.5
Feb-08,,2.2,81.1,66.2,19.7,167,41.8,1.3,43.1,1067.5,184.7,733.8,23.1
Mar-08,,2.3,79.7,61.5,18.1,159.3,34.2,1.2,35.4,1025.1,166.1,699,20.9
Apr-08,*,3.1,99.7,76.8,25.6,202.2,45.4,1.6,46.9,1103.7,204.3,891.6,24.8
May-08,,1.8,76.5,57.5,23.1,157.1,32.5,1.4,34,804.4,152.3,672.6,16.6
Jun-08,,1.8,72.6,54.2,25.7,152.5,36.3,1.4,37.7,910.9,157.9,688.2,17.2
Jul-08,*,3.9,87.7,61.2,30.5,179.4,47.6,1.7,49.2,1325.5,215.1,875,19
Aug-08,,5,67.1,49.7,20.6,137.4,40.2,1.4,41.7,1213.7,198.6,694.7,15.9
Sep-08,,5.5,86.9,59.8,21.6,168.4,46.1,1.6,47.7,1292.6,205.1,724.4,17.9
Oct-08,*,6.5,106.6,74.8,23.5,204.9,62.1,1.9,64,1583.8,239.2,903.9,21.5
Nov-08,,5.1,78.9,61.5,19.3,159.7,56.6,1.7,58.3,1289.5,190.6,736.8,16
Dec-08,,3.9,71.8,59.4,17.7,148.9,44.7,1.2,45.9,1294,210.3,693.4,13.6
Jan-09,*,3.4,85.9,79.8,21.3,187.1,48.6,1.4,50,1259.1,206.8,815.8,19
Feb-09,,3,74.5,68,16.5,159.1,37.5,1.2,38.6,907.8,170.3,674.1,16.1
Mar-09,,3.7,74.4,64.5,16.9,155.8,34.4,1.1,35.5,891.8,172.4,651.5,15.8
Apr-09,*,3.2,94.6,77.6,22.6,194.8,38.7,1.4,40.1,1062.6,201.6,795.9,19.2
May-09,,2.2,75.2,59,21.5,155.7,32.2,1.5,33.7,771.6,151.4,624.3,14.6
Jun-09,,2.6,71,55.5,24.5,151.1,33,1.5,34.5,859.8,157.4,667.3,14.3
Jul-09,*,3.9,79.7,64,29.8,173.5,40.4,1.8,42.2,1280.9,205.2,844.5,19.9
Aug-09,,3.6,62.4,48.4,21.3,132,32.1,1.3,33.4,1225,186.6,688.8,16.2
Sep-09,,4.3,76.5,53.9,21.3,151.7,38,1.5,39.5,1236.7,176.7,692.5,17
Oct-09,*,5.7,100.5,74.1,27.1,201.7,52,2.7,54.7,1564.5,218.1,908.7,22.2
Nov-09,,3.9,81.1,62.2,23.1,166.4,44.9,2.3,47.2,1246.7,193,739.8,17.3
Dec-09,,3.3,70.8,59.8,21.9,152.5,37.4,1.9,39.3,1101.7,152.6,721,15.2
Jan-10,*,2.9,85.2,71,25.4,181.6,44.6,1.6,46.2,959,150,844.3,20.1
Feb-10,,3.5,77.9,63.3,21.3,162.5,42.3,2.2,44.4,756.5,138.8,702.2,17.7
Mar-10,,4.3,79.6,62.2,22.7,164.6,37.7,1.6,39.3,818.6,132.1,707.3,18
Apr-10,*,4.2,98.6,74,29.6,202.2,41.8,2.5,44.3,927.9,163.4,858.3,21.1
May-10,,2.8,77.9,57.5,27.2,162.6,34.5,2.5,37,700.9,132.9,694.2,16.3
Jun-10,,3,72.6,55.8,33.1,161.5,33.9,2.5,36.4,763.8,138.2,684.9,15.2
Jul-10,*,5,88.2,65.3,42.2,195.7,47.1,2.7,49.9,1223,189.3,857, Data are confidential
Aug-10,,5.4,69.9,51.8,31.7,153.4,36.8,2.2,39,1145.7,172.1,719.1, Data are confidential
Sep-10,,7.3,83.2,57.2,26.6,167,42.7,2.4,45.1,1131.1,164.7,729.5, Data are confidential
Oct-10,*,9.7,108.8,76.3,32,217,62.2,3,65.2,1417.5,204.5,941.5, Data are confidential
Nov-10,,7.3,85,66.6,25.2,176.8,60.8,2.5,63.3,1221.9,189.4,783.4, Data are confidential
Dec-10,**,6.3,89.3,72.4,26.8,188.5,52,2.2,54.2,1251.9,195.5,889, Data are confidential
Jan-11,*,6.7,98.4,83,27.8,209.3,65.2,2.8,68,1022.6,196.2,898.9, Data are confidential
Feb-11,,7.5,80,67.4,22.1,169.5,47.2,1.9,49,827.1,160.1,763.2, Data are confidential
Mar-11,,8.1,83.4,64.7,23.2,171.3,42.4,1.8,44.2,805.8,140.9,757.9, Data are confidential
Apr-11,*,7.7,99.4,75.6,28.3,203.3,46.2,2,48.2,960.1,171.8,886.1, Data are confidential
May-11,,5.6,79.1,61.3,29.1,169.5,44,2.1,46.1,720.8,137.2,711.5, Data are confidential
Jun-11,,5.2,73.6,57.5,31.5,162.6,46.9,2.1,48.9,842.7,140.8,739.4, Data are confidential
Jul-11,*,6.5,85.7,66.5,35.3,187.5,54,2.3,56.3,1298.5,195.3,934.4, Data are confidential
Aug-11,,5.1,76.6,54.2,25.1,155.9,44.7,1.8,46.4,1114.7,159.9,758.4, Data are confidential
Sep-11,,7.5,86.2,59.5,23.1,168.8,52.1,1.8,54,1166,160.5,797, Data are confidential
Oct-11,*,8.8,103.7,76.3,25.5,205.5,71.1,2.4,73.5,1560,224.2,994.4, Data are confidential
Nov-11,,6.7,80.6,65.8,21.3,167.7,60.9,1.8,62.7,1136.2,171.1,828.5, Data are confidential
Dec-11,,5.1,69.4,56.8,17.1,143.3,44.6,1.3,45.9,1007.3,157.8,742.8, Data are confidential
Jan-12,*,5.8,89.2,75.3,21.9,186.5,58.8,1.6,60.3,977,170.3,939.9,25.6
Feb-12,,6.4,77.5,62.3,18.3,158.2,43.9,1.4,45.2,785.6,139.3,768.7,19.2
Mar-12,,7.2,78.1,60,18.9,156.9,38.9,1.3,40.2,817.7,133.8,771,20.8
Apr-12,*,5.7,97.5,70.4,24.9,192.8,48.5,1.7,50.3,944.3,154.7,933.8,24.5
May-12,,3.7,77.8,54.8,24.4,156.9,42,1.8,43.7,764.1,122.3,754.4,19
Jun-12,,3.3,68.4,48.7,26.2,143.2,41.4,1.7,43.1,782.6,123.3,739,18.9
Jul-12,*,4.5,84,60,34.6,178.7,59.5,2,61.4,1148.8,176,957.8,26.2
Aug-12,,5.5,68.9,47.9,24.9,141.6,45.7,1.4,47,1048.4,150.1,780.9,21.1
Sep-12,,8.2,77.3,51,22.8,151.1,54.2,1.7,55.9,1040.6,148.8,786.2,23.8
Oct-12,*,9.6,100.6,71.2,27.1,198.9,77.3,2.4,79.7,1465.2,218.6,1005.1,27.3
Nov-12,,7.9,78.1,60.6,21.7,160.5,64.6,2,66.7,1071.4,152.9,831.4,21.3
Dec-12,,6.2,67.8,54.3,17.7,139.8,46.9,1.4,48.3,1053.2,156.9,766.3,17.2
Jan-13,*,7.7,87.1,72,22,181.1,62.8,1.6,64.4,1101.9,188.9,946.4,25.4
Feb-13,,9,76.1,60.6,18.8,155.5,47.1,1.4,48.5,896.5,159.1,786.2,20.4
Mar-13,,9.8,72.2,56.4,19.3,147.8,40.5,1.3,41.9,895.7,149.8,767.2,20.5
Apr-13,*,8.2,93.8,71,27,191.7,53.5,1.8,55.3,980,176.7,945.2,24.7
May-13,,5.2,72.5,54.9,23.8,151.2,39.8,1.8,41.6,729.4,143.5,733,19
Jun-13,,4.4,69.1,53.7,28.3,151.1,39.7,1.6,41.3,836.6,147.5,744.3,20.2
Jul-13,*,6.7,78.4,61.6,35,174.9,51.8,2,53.8,1194.8,195.6,964.9,23.3
Aug-13,,6.8,58.2,48.1,25.6,131.8,40.6,1.7,42.3,1058.5,170.5,769.9,18.8
Sep-13,,8.9,72,54.4,23.9,150.4,48.5,1.9,50.4,1107.6,166.2,793,20
Oct-13,*,11.1,96.5,73.9,27.1,197.5,65.4,2.6,68,1506.4,236.5,1012,24.1
Nov-13,,7.5,73.9,61.6,22.4,157.9,56,2,58,1072.6,164.2,828.4,19.5
Dec-13,,5.9,63.4,53.1,19.4,135.9,39.9,1.6,41.5,1067.8,170.5,759.2,15.9
Jan-14,*,7.7,85.5,72.9,22.7,181.2,58.7,1.7,60.3,1053.7,182.2,940.7,24.6
Feb-14,,8.6,75.2,61.8,18.5,155.5,46.8,1.7,48.5,801.4,145.2,783,19.4
Mar-14,,11.4,75.3,60.5,18.9,154.7,42.5,2.1,44.6,826.3,133.4,778.2,19.8
Apr-14,*,10.6,94.2,71.6,22.7,188.5,44.8,2.1,46.9,1103.6,158.9,937.4,24.1
May-14,,6.8,76.9,56.7,22.4,155.9,38.1,1.8,39.9,804.4,120.2,751.9,19.4
Jun-14,,6.8,73.9,52.8,25,151.7,39.3,1.9,41.3,926.6,131.4,773.2,18.7
Jul-14,*,10.2,85.3,59.6,31.5,176.4,47.2,2.2,49.4,1272.9,171.5,969.6,22.6
Aug-14,,9,70.5,49.6,21,141.1,43,1.9,45,1078.4,154.2,775,17.3
Sep-14,,11.3,79.3,53.7,18.1,151.2,46.6,2.1,48.6,1134.4,153.7,821.8,18.8
Oct-14,*,13.9,109.4,71.4,20.7,201.5,65.5,2.4,67.8,1555,199.9,1030.2,23.7
Nov-14,,8.8,86.5,61.7,14.6,162.8,56,1.9,57.9,1149.3,130.1,868.3,18.7
Dec-14,,7,71.8,54.9,12.3,139,45.8,1.4,47.2,1108.7,124.7,797.9,15.5
Jan-15,*,7.9,92.6,73.8,15.7,182.1,61.2,1.5,62.8,1128.6,137.4,955.5,22.1
Feb-15,,9.1,80.5,62.7,12.5,155.8,48.8,1.4,50.2,877.4,117,817.4,19.1
Mar-15,,11.2,81.5,59.2,12.8,153.5,42.4,1.3,43.7,937.5,109.3,812,19.5
Apr-15,*,9.3,97.1,68.2,16.9,182.3,46.5,1.4,47.9,1087,141.2,971.3,22.7
May-15,,5.3,74.1,52.8,16.3,143.2,36.4,1.4,37.8,832.7,104,787.4,18
Jun-15,,4.8,71.5,49.6,20.4,141.5,38.4,1.5,39.9,978.4,120.3,813.4,20.1
Jul-15,*,7.1,92,62.2,27.3,181.4,53.7,1.9,55.5,1298.6,151.6,1002.4,23
Aug-15,,6.7,70,48.6,21,139.6,45.3,1.5,46.8,1136.1,135.4,819.9,18.3
####* Denotes a 5 week month####,,,,,,,,,,,,,
####** Denotes a 5 week month in a 53 week statistical year####,,,,,,,,,,,,,
"####The definition of Calves from May 2014 is “Bovines less than 1 year old”. Pre May 2014, the definition was “Bovines weighing less than 165kg""####",,,,,,,,,,,,,
