food/slgter_supplies_26jun15.csv,by quarter,UK Production Total meat,Total Imported,Total Exported Carcase meat,Total Exported live,Total New Supply,Total UK production as % of supply,Uk Beef and veal UK Production,Beef and veal Imported Fresh and chilled,Beef and veal Imported Frozen,Beef and veal Exported carcase meat,Beef and veal Exported Live,Beef and veal Totsl New supply,Beef and veal,Mutton and lamb UK Production,Mutton and lamb Imported,Mutton and lamb Exported carcase weight,Mutton and lamb Exported live,Mutton and lamb Total new supply,Mutton and lamb UK production as % of supply,pigmeat UK Production,pigmeat Imported,pigmeat Exported carcase weight,pigmeat Exported live,pigmeat Total new supply,pigmeat UK production as % of supply,Poultry Uk Production,Poultry Imported ,Poultry Exported ,Poultry Total New Supply,UK production as a % Poultry
1985,,3273.8,805.1,315.7,44.6,3718.6,80.3,1136.9,122.7,87.4,184.7,13.4,1148.9,84.4,310.4,174,48.8,7.3,428.4,64.1,976.4,356.9,50.3,24,1259,73.2,850.1,64.2,32,882.3,93
1986,,3302.9,844.2,342.6,68.7,3735.7,79.6,1064.3,172.2,88.2,186,34.6,1104.1,80.3,300.3,142.6,60.1,10.9,371.8,67.8,1001.6,347.8,57.4,23.3,1268.7,74.2,936.7,93.5,39.1,991.1,90.9
1987,,3487.4,865,364.5,77.6,3910.4,80.1,1125.3,164.8,94.2,191.5,38.1,1154.6,81.3,308.9,154.3,71.2,17.4,374.5,66.7,1012.6,365.1,49.5,22.1,1306.2,73.5,1040.7,86.6,52.2,1075.1,92.3
1988,,3477.8,882.1,331.3,72,3956.5,79.8,952.6,179.7,111,133,30.6,1079.6,76.6,339.6,136.4,76,17.8,382.2,71.3,1037.2,371.1,58.8,23.6,1325.9,73.6,1148.4,83.9,63.5,1168.8,93.2
1989,,3435.2,874.6,370.6,68.7,3870.6,79.7,984.5,141.2,96.9,152.3,26.1,1044.2,80.5,382.5,138.4,89.3,17,414.6,73.4,961.5,409.2,59,25.5,1286.1,70.1,1106.7,88.9,69.9,1125.7,92.6
1990,,3501.6,888.6,323.2,68.4,3998.6,79.8,1002.3,125.5,71.4,122.3,21.2,1055.7,83.6,389.3,153.5,79.8,19.6,443.4,71.7,970.4,396.1,56.6,27.6,1282.3,71,1139.6,142.1,64.5,1217.2,88.9
1991,,3648.9,859.1,378.9,82.4,4046.7,80.9,1027.8,144.3,59.7,134.2,22.6,1075,83.4,411.8,124.8,80.3,26.9,429.5,76.7,1007.6,384.5,81,33,1278,72.4,1201.8,145.8,83.5,1264.1,89.2
1992,,3583,893.5,434.8,96.3,3945.4,80,973.3,140.9,64.7,141.1,23.8,1013.9,82.6,390.4,126.8,105.4,35.5,376.3,75.5,1001.8,377.9,103.1,37,1239.7,72.6,1217.4,183.2,85.1,1315.5,86.9
1993,,3579,911.7,492.4,112.9,3885.4,79.7,888,142.5,66.6,172.7,39.3,885,80.9,390.7,129,128.8,44,346.9,75.2,1023.4,403.8,105,29.6,1292.7,71.7,1276.9,169.8,85.9,1360.8,88.3
1994,,3762.9,912.3,614.3,102.6,3958.4,80.5,947.2,123.3,67,259.1,34.4,844,83.3,385,119.7,114.1,36.6,354.1,76.3,1060.9,388.4,129.3,31.6,1288.5,73.2,1369.8,213.9,111.9,1471.8,86.5
1995,,3831.6,1057.7,779.5,96.6,4013.2,78.4,1001.6,130,82.2,303.3,31,879.6,82.5,393,146.7,152.4,31.5,355.9,72.8,1010.1,447.9,160.3,34.2,1263.5,69.3,1426.9,250.9,163.5,1514.3,85
1996,,3561.4,1136.2,536.2,70.6,4090.9,75.8,710.4,110.5,58.6,75.1,5,799.3,80.8,372.9,156.2,122.8,30.2,376.1,70.5,996.8,530.4,165.7,35.4,1326.1,65.3,1481.3,280.6,172.5,1589.3,84.1
1997,,3656.4,1126.6,568.1,47.1,4167.8,76.4,698.3,152.9,63.6,13.3, ,901.5,76.3,341.7,151.7,108.7,23.2,361.5,69.3,1089.6,481.9,233.5,23.9,1314.2,69.3,1526.7,276.5,212.6,1590.7,84.7
1998,,3743.6,1088.8,599.8,42.7,4190,77.5,694.8,111.8,40.8,9, ,838.4,82,372.6,140.9,109.3,25.9,378.4,72.6,1128.1,479.8,284.1,16.8,1307,70.2,1548.2,315.4,197.4,1666.2,83.1
1999,,3662.1,1187.7,542.8,38.5,4268.5,75.5,678.9,139.1,44.2,10.5, ,851.6,78.7,391.7,137.1,109.9,33.1,385.8,74.1,1042.3,518.3,235.6,5.4,1319.5,66.8,1549.2,349.1,186.7,1711.6,81.6
2000,,3515.3,1289.8,495.7,29.4,4280,73.2,704.5,146.2,50.5,8.8, ,892.4,78.2,382.7,134.1,99.2,25.8,391.9,74,906.5,603.7,213.9,3.5,1292.8,60,1521.5,355.2,173.7,1703,81.1
2001,,3259.8,1324.9,272.4,8.9,4303.4,71.1,644.6,192.2,71.3,8.3, ,899.8,71,266.6,113.3,30.8,7.9,341.3,70.2,776.9,602.2,46.7,1.1,1331.3,56.3,1571.7,345.9,186.6,1731,82
2002,,3333.1,1467.4,392,9.8,4398.6,69.4,694.3,217.5,81.5,10.3, ,983,69.9,307.3,122.7,62.1,7.5,360.3,71.5,774.4,679.6,106,2.3,1345.8,53.3,1557,366.1,213.6,1709.5,81
2003,,3258,1660.8,437,9.1,4472.8,66.2,703.2,213.9,93.2,10.7, ,999.7,69.6,309.8,136,77.1,7.2,361.5,69.5,687.9,805.9,89.2,1.9,1402.7,46.1,1557.1,411.8,259.9,1709,79.1
2004,,3264.6,1751.8,462.8,13.7,4539.9,65.1,723.6,233.6,89.5,12.8, ,1033.9,69.1,319.2,141.8,77.5,8.3,375.2,69.2,678.6,810.5,104.6,5.4,1379.1,45.6,1543,476.4,267.9,1751.6,76.4
2005,,3340.9,1746,470.5,12.5,4604,65.7,764.8,215.4,71.6,14.4, ,1037.5,72.7,336.7,132.7,86.1,7.5,375.8,71.7,669.3,842.1,108.7,4.9,1397.6,44.3,1570.2,484.2,261.3,1793.1,76.4
2006,,3365,1705.1,485.7,15.4,4569.1,66.4,852.1,199.1,70.7,52.5,,1069.4,76,333.5,139.7,88.6,6.2,378.4,70.5,667.5,844.2,111.1,9.2,1391.3,44.2,1511.9,451.5,233.5,1729.9,77
2007,,3391,1746.1,556.6,15.1,4565.4,66,888.5,205.9,72.8,76.7,,1090.5,76.1,329.5,137,69.9,6.4,390.1,70.6,706.7,869.4,116.4,8.7,1451,44.8,1466.4,461,293.6,1633.8,76.1
2008,,3367.6,1650.6,618.8,9.5,4390,67.1,866,215.7,79.7,100.6,,1060.8,74.6,331.6,135.8,88.2,6.9,372.3,70.9,705.7,813,151.8,2.6,1364.2,46.5,1464.4,406.5,278.2,1592.7,78.3
2009,,3276.7,1677.3,584.3,8.3,4361.4,66.1,823.4,207.8,90.4,99.4,,1022.2,73.4,313.1,143.1,98.4,7.5,350.3,68.6,681.2,815.7,134.1,0.8,1362,45.5,1459,420.2,252.5,1626.8,77.6
2010,,3466.1,1720.3,656.9,10.8,4518.7,66.8,897.4,219.9,87,128.8,,1075.5,74.5,286.8,128.3,92.1,10,313.1,69.1,712.2,810.8,168.5,0.8,1353.7,46.8,1569.7,474.3,267.6,1776.4,76.8
2011,,3548.4,1710.9,753.2,12.8,4493.3,67.5,931.5,221.5,80.2,170.8,,1062.4,75.5,300.7,109.6,99.7,11.6,299,73.3,756.8,783.5,191.7,1.1,1347.4,49.1,1559.5,516,290.9,1784.5,75.1
2012,,3547.7,1625,703.6,11.8,4457.2,68.6,876.9,217.8,87.4,142.1,,1039.9,74.2,285.7,106,98.1,10.3,283.3,72.9,776,733.6,180.7,1.5,1327.3,51.4,1609,480.3,282.7,1806.7,77
2013,,3589.2,1638,754.5,12.8,4459.9,68.7,840.2,223,86.4,126.2,,1023.4,73.1,300.4,119.7,108.4,11,300.8,71.5,787.1,726.3,206.2,1.8,1305.3,52,1661.4,482.5,313.6,1830.3,77.5
2014,,3640.8,1681.4,794.7,11.6,4515.8,68.4,871.7,238.2,86.1,135.2,,1060.8,72.9,307.2,112.1,107.3,9.7,302.3,73.3,819.5,736.2,216.6,2,1337.2,52.7,1642.4,508.8,335.7,1815.6,76.3
1985,Q1,827.6,183.5,80.9,10,920.2,81.9,300.2,19.5,18.8,48.1,3.7,286.6,88.7,70.6,49.8,14,1,105.5,58.6,239.3,84.4,11.6,5.3,306.7,73.9,217.4,11.1,7.2,221.3,95.2
1985,Q2,770.3,211.9,80.8,10.8,890.7,78.4,267.9,28.2,23.5,50.8,2.1,266.7,83.8,57.2,57.1,9.4,1.7,103.2,50,239.1,84.3,12.8,7,303.6,73.9,206,18.9,7.7,217.2,91.6
1985,Q3,808.7,214.7,73.7,11.5,938.3,79,265.4,37.4,28.8,42.4,2.7,286.4,80,94.8,39.6,10.3,2.7,121.4,70.5,243.2,92.9,12.5,6.1,317.6,72.4,205.4,16,8.5,212.9,92.8
1985,Q4,867.2,195,80.4,12.4,969.4,81.6,303.4,37.6,16.4,43.4,5,309.1,84.9,87.8,27.4,15,1.8,98.3,76.2,254.8,95.3,13.4,5.6,331,72.8,221.2,18.3,8.5,230.9,92.4
1986,Q1,820.3,180.4,75.7,13.7,911.2,82,273.9,30,18,41.4,5.4,275.1,85.1,63.1,34.9,13.3,1.6,83.1,64.4,243.6,81.5,12.3,6.7,306.1,74.9,239.6,16.1,8.8,246.9,93.7
1986,Q2,768.9,210.6,73.9,14.9,890.8,78.5,247.3,38.4,25.8,38.8,5.3,267.4,79.4,49.8,31.5,10.9,2.7,67.7,61.2,244.8,87.3,14.7,6.8,310.6,73.7,227,27.5,9.5,245.1,89.2
1986,Q3,820.7,233.4,96.6,19.5,937.9,77.9,252.2,47.3,27,54.5,11.2,260.9,77.2,93,48.6,16.1,3.8,121.7,65.7,249.1,87.1,15.6,4.5,316.1,74.1,226.3,23.3,10.4,239.2,90.7
1986,Q4,893,219.8,96.4,20.6,995.9,80.2,290.9,56.5,17.3,51.2,12.7,300.8,79.8,94.3,27.6,19.9,2.7,99.3,77.4,264.1,91.9,14.8,5.3,335.9,74.2,243.8,26.6,10.4,259.9,90.2
1987,Q1,883,191.1,94.3,17.4,962.3,82.2,296.5,35.6,14,52.6,9.5,284,85.7,69.3,42.9,17,2,93.3,61.8,251.5,83.7,13,6,316.2,75,265.7,14.9,11.8,268.9,94.7
1987,Q2,818.5,206.1,85.8,17.4,921.4,79.9,262,35.4,21.2,47.2,7.5,263.9,82.2,57.7,34.7,13.8,3.3,75.4,62.5,246.2,89.3,12.2,6.7,316.6,73.4,252.6,25.5,12.7,265.5,90.8
1987,Q3,860.4,237.2,85.7,19.9,992,78.4,266.4,44.9,30.4,43.5,9,289.1,78,91.5,45.8,17,5.7,114.6,66.6,250.6,94.5,11.3,5.1,328.6,72.6,252,21.6,13.9,259.7,92.1
1987,Q4,925.5,230.7,98.6,22.9,1034.6,80,300.5,49,28.5,48.2,12.2,317.6,79.5,90.3,30.9,23.5,6.4,91.3,74.5,264.3,97.6,12.9,4.3,344.7,73,270.4,24.7,13.9,281.1,91.6
1988,Q1,878.5,216.6,75.5,16.7,1003,80.2,244.4,46,27.7,33,8.5,276.6,76.8,79.5,34.3,14.9,2.1,96.9,69.9,261.6,91.3,14.1,6.1,332.6,74.1,293,17.4,13.5,296.9,94.4
1988,Q2,810.6,223.4,77.3,15.2,941.6,78.4,212.1,48.1,30.5,34,5.9,250.8,73,65,32.1,13.4,2.6,81.2,66.9,254.5,87.5,14.9,6.6,320.5,74.4,279,25.2,15.1,289.1,91.7
1988,Q3,858.5,234.4,84.3,19.3,989.4,78.6,225.8,48.4,29.4,31.4,6.3,265.8,74.4,95.7,44,23,7.1,109.7,68.5,258.7,92,14.1,5.9,330.8,73.8,278.2,20.6,15.8,283,93.1
1988,Q4,930.2,207.6,94.3,20.8,1022.6,81.8,270.3,37.2,23.4,34.7,9.8,286.4,81.7,99.3,25.9,24.8,6,94.4,79.3,262.4,100.3,15.7,5,342,72.3,298.2,20.7,19.1,299.8,93.5
1989,Q1,863.3,201.6,82.8,14.9,967.1,81.1,257.4,33.8,20.7,31.6,7.9,272.4,82.5,89.4,34.6,20.7,1.8,101.5,72.1,242.7,93.8,15.4,5.2,316,72.1,273.7,18.7,15.2,277.1,93.6
1989,Q2,808.7,235,84.2,15.6,943.9,77.5,221,34.4,28.6,39.5,5.3,239.2,77.8,71.6,40.2,15.7,3.6,92.4,64.1,237,110.1,12.8,6.7,327.6,68.3,279.2,21.8,16.2,284.7,92.8
1989,Q3,856.5,228.5,99.9,18.3,966.8,78.9,235.7,34.3,29.4,41.4,5.7,252.4,78.7,113.9,39.5,24.7,5.8,122.8,74.3,238.7,102.9,15.5,6.9,319.2,69.9,268.3,22.4,18.3,272.5,92.3
1989,Q4,906.7,209.5,103.6,19.9,992.8,81.2,270.4,38.8,18.1,39.8,7.3,280.2,82.6,107.6,24.2,28.2,5.8,97.9,81.6,243.1,102.4,15.4,6.8,323.3,70.4,285.6,26,20.3,291.4,91.6
1990,Q1,849,214,80.6,16.8,965.6,79.9,244.3,35.6,19.7,30.4,5.5,263.6,81.5,88.1,37.9,22.5,3.6,99.9,69.9,234.8,90.9,13.6,7.6,304.6,72.1,281.8,29.8,14,297.6,90.4
1990,Q2,817.3,228.1,67.7,14.9,962.8,78.2,217.5,27.5,21.7,22.9,3.6,240.2,81.6,82.3,39.1,16.8,3.2,101.4,67.8,230.1,105,13.1,8.1,313.9,68.7,287.4,34.8,14.9,307.3,89.2
1990,Q3,884.1,217.2,76.3,18,1007,80.3,252.7,24.9,14.1,28.3,5.4,258,86.6,110.9,41.9,17.6,6.2,129,72.6,244.3,100.4,13.6,6.4,324.7,70.9,276.2,35.9,16.8,295.3,88.5
1990,Q4,951.2,229.3,98.7,18.7,1063.2,80.6,287.8,37.5,15.9,40.7,6.6,293.9,84.4,108,34.5,22.9,6.5,113.1,75.8,261.3,99.8,16.4,5.5,339.1,72.4,294.1,41.6,18.7,317,87.6
1991,Q1,900.5,211.3,84.9,15.2,1011.7,81,264.3,31.5,14.7,29.9,4.6,276,85.1,94.6,37.8,19.1,3.8,109.5,71.4,244.4,96.7,17.8,6.8,316.6,71.7,297.2,30.6,18.1,309.6,90.7
1991,Q2,870.9,222.7,82.1,17.1,994.4,79.6,242.6,34.4,16.9,29.7,4.2,260.1,82.6,83.3,34,15.5,4.8,97,71,241.8,101.8,17.6,8.1,317.8,70.4,303.1,35.7,19.3,319.5,89.5
1991,Q3,898.3,201.4,93.8,24.2,981.7,81.7,235.9,33.7,14.7,32.9,6.9,244.5,83,117.5,25.9,18.4,8.3,116.6,82,253.6,90.3,20.7,9,314.3,73.7,291.3,36.8,21.8,306.3,88.8
1991,Q4,979.3,223.7,118.1,26,1058.9,81.4,285,44.7,13.4,41.7,6.8,294.5,83.1,116.4,27.1,27.3,10,106.4,81.1,267.7,95.8,25,9.2,329.3,73.6,310.2,42.7,24.2,328.7,87.9
1992,Q1,874.9,214.4,104.2,20.1,965,80.3,249.7,33.9,13,34.5,4.9,257.2,84.2,75.5,38.6,19.8,5.4,88.9,66.2,252,87.8,29.9,9.8,300,74.2,297.8,41.1,20,318.9,87.9
1992,Q2,836.1,237.7,99.2,20.9,953.8,77.9,224.2,33.5,17.7,36.2,4.8,234.3,81.4,80.4,43.2,17.2,5.7,100.7,65,237.8,95.5,24.6,10.4,298.3,71.3,293.8,47.8,21.2,320.4,86
1992,Q3,896.5,225.8,102.4,28.7,991.1,79.9,230.9,34.4,16.2,32.8,6.8,241.9,82,112.7,29.1,28.6,12.3,100.9,79.5,247.4,97.2,22.2,9.6,312.7,71.8,305.5,48.9,18.9,335.5,86.2
1992,Q4,975.5,215.5,128.9,26.6,1035.5,81.9,268.6,39.1,17.8,37.7,7.3,280.5,82.5,121.9,15.9,39.9,12.1,85.7,88.5,264.7,97.4,26.4,7.2,328.5,73.1,320.3,45.4,25,340.7,87.6
1993,Q1,909.7,197.5,127.3,22.7,957.2,82.2,252,23,10.7,46.8,6.9,232,88.2,86.1,33.9,32.1,8.2,79.7,71.8,252.6,95.4,26.7,7.6,313.8,72.6,319.1,34.4,21.7,331.8,90.3
1993,Q2,818.1,251.6,99.4,22.7,947.6,76.5,192.7,33,20.5,34.6,7.7,203.9,78.3,69.2,48.5,23.2,6.7,87.7,58.8,240.2,103.7,24,8.3,311.6,69.8,316,45.9,17.6,344.3,87.3
1993,Q3,889.7,241.8,114.2,33.4,983.9,78.6,205.8,44.1,20.1,38.5,12.4,219,76.2,113.9,28.4,31.1,13.8,97.5,80,256.5,104.9,23.7,7.2,330.5,71,313.4,44.3,20.8,336.9,87.6
1993,Q4,961.5,220.7,151.5,34,996.7,81.3,237.5,42.4,15.3,52.8,12.3,230.1,80.4,121.5,18.1,42.3,15.3,82,87,274.1,99.8,30.6,6.4,336.8,73.3,328.4,45.1,25.8,347.7,87.9
1994,Q1,906.4,206.6,143.6,26.6,942.7,81.4,233.8,20.4,13.8,58,9.8,200.2,87.3,90.1,38.5,27.6,9.4,91.6,70.1,263.4,89.2,30.5,7.5,314.6,74.7,319.1,44.6,27.5,336.2,87.7
1994,Q2,891.2,243.3,143.5,25.5,965.6,78.6,225.6,31.5,19.5,66.4,7.9,202.3,81.5,73.9,37.8,21.7,8.8,81.2,66.2,256.1,94.5,29,8.7,312.9,73,335.6,60,26.3,369.3,84.8
1994,Q3,957.6,227.6,154.2,31.6,999.3,80.8,225.1,32.8,16.9,63.9,9.3,201.7,81.9,118,24.2,34.4,14.2,93.6,83,263.7,96.2,30.7,8.1,321,73.3,350.8,57.4,25.2,383.1,85.9
1994,Q4,1007.7,234.9,173,18.9,1050.8,81.1,262.6,38.5,16.8,70.7,7.5,239.8,82.6,103,19.2,30.3,4.2,87.7,84.3,277.7,108.5,39.1,7.2,340,71.9,364.3,51.8,32.8,383.3,87.5
1995,Q1,944.4,241.9,197,19.9,969.3,79.6,258.7,27.3,18.1,80.1,6.4,217.6,85.1,82.4,39.7,35.6,4.2,82.3,67.5,256.5,102.2,44.6,9.3,304.9,71.5,346.8,54.5,36.6,364.6,86.4
1995,Q2,937.3,287.9,184.8,21,1019.4,76.5,256,33,25.5,78.4,7.4,228.8,81.4,83.2,47.4,34.1,5.8,90.8,63.7,245.1,114,36.5,7.8,314.8,68.3,352.9,68,35.9,385,83.8
1995,Q3,972.5,256.8,206.9,28.7,993.7,79.1,246.9,35,22.9,76.9,8.7,219.1,81,118.1,30.9,46.1,12.1,90.8,79.3,249.7,110.4,39,7.9,313.1,69.3,357.8,57.7,44.9,370.6,86.1
1995,Q4,977.4,271.2,190.8,27,1030.8,78.3,240,34.7,15.7,67.9,8.5,214.1,82.6,109.3,28.7,36.6,9.4,91.9,79.2,258.7,121.3,40.1,9.2,330.7,68.1,369.4,70.7,46.1,394.1,83.9
1996,Q1,911.5,266.2,177.7,18.5,981.5,77.4,226.5,26.1,15,62.9,5,199.6,84.6,82.6,36.5,29.9,3.8,85.4,69.4,245,119.7,40.1,9.7,314.9,67.2,357.4,68.9,44.8,381.6,83.8
1996,Q2,823.5,330,112,14.4,1027,71.4,143.2,28.2,21.3,7.1, ,185.5,74.3,73.6,53.1,25,4.5,97.3,58.1,237.5,152,38.6,10,340.9,61,369.2,75.4,41.3,403.3,83
1996,Q3,891.3,269.1,122.2,18.3,1019.9,76.8,163.2,24,12.5,2.6, ,197.1,81.7,113.1,36.3,35.1,9.6,104.6,75.7,248.5,132.1,44.9,8.6,327,65.3,366.6,64.3,39.7,391.2,85.1
1996,Q4,935.2,270.9,124.3,19.4,1062.4,77.5,177.6,32.3,9.7,2.6, ,217,80.9,103.6,30.3,32.8,12.3,88.8,77.3,265.9,126.6,42.1,7.1,343.3,67.7,388.1,72,46.8,413.3,84.4
1997,Q1,880.6,289.1,138.6,9.8,1021.4,75.3,173.8,33.9,16.7,3.5, ,220.9,77.4,76.5,46.8,32.4,3,88,62,269.2,121.5,54,6.8,330,68.9,361,70.2,48.7,382.5,83.7
1997,Q2,895.3,297,133.4,11.9,1047.1,75.1,183,37.4,20.6,4.3, ,236.7,75.9,70.9,41.7,20.4,4.7,87.5,63,260.6,122.6,60.7,7.2,315.3,68,380.9,74.7,48,407.6,83.6
1997,Q3,922.8,269,142.8,14,1035,77.4,167.3,39.8,15,3.1, ,219,75.3,95.5,31.6,26.2,8.4,92.5,75.1,271.8,117.2,58.1,5.6,325.2,69.9,388.2,65.4,55.4,398.2,85.6
1997,Q4,957.6,271.4,153.4,11.3,1064.3,77.9,174.2,41.8,11.3,2.4, ,224.9,76.7,98.8,31.5,29.8,7.1,93.4,75.8,288.1,120.6,60.8,4.2,343.7,70.5,396.6,66.2,60.5,402.3,85.7
1998,Q1,926.6,271.7,156.9,8.4,1032.9,77.3,171.9,26.8,10.7,2, ,207.4,82.1,92.8,43.3,32.8,4.5,98.8,68.2,284.6,117.9,74,3.9,324.6,70.7,377.2,73,48.1,402.1,83.8
1998,Q2,908,263.3,131.5,8.3,1031.5,77.5,171.4,29.5,12.4,2.8, ,210.6,80.3,74.3,41.5,20,3.7,92.1,64.2,268.1,108.9,64.4,4.6,308,71.1,394.1,71,44.3,420.8,84.7
1998,Q3,942,267.4,155.2,12.9,1041.3,77.9,171.3,26.2,9.5,2, ,205,82.7,95.9,28,26.9,7.9,89.2,77.4,285.2,121.3,72.4,5,329,70.2,389.6,82.4,53.8,418.1,82.5
1998,Q4,967.1,286.4,156.2,13.1,1084.2,77.2,180.1,29.2,8.2,2.2, ,215.4,82.8,109.5,28.2,29.6,9.8,98.3,79.5,290.1,131.8,73.2,3.3,345.4,68.8,387.4,88.9,51.2,425.1,81.3
1999,Q1,945.4,283,142.8,6.6,1078.9,77,175.1,34.5,9,1.6, ,217.1,80.1,92.3,39.1,28.2,5.1,98,70.3,276.4,117.2,66.8,1.4,325.4,70.2,401.5,83.2,46.2,438.5,82.8
1999,Q2,873.2,282.4,123.3,5.8,1026.6,75.6,162.9,31.2,10.7,2.3, ,202.6,79.5,75.2,35.2,19.3,4.6,86.6,68.1,249.2,124.2,53.8,1.2,318.4,66.7,385.9,81.1,47.9,419,82.6
1999,Q3,903.9,296.4,134.2,12.7,1053.4,75.3,163.6,33.9,12.5,3.4, ,206.6,77.9,109.3,29.8,32.6,11.6,94.9,78.6,253.6,132.3,53.6,1.2,331.1,65.7,377.5,87.9,44.6,420.8,81.1
1999,Q4,939.6,325.8,142.5,13.4,1109.6,74.3,177.3,39.4,12,3.2, ,225.4,77.5,114.9,33,29.8,11.8,106.3,77.7,263.1,144.6,61.4,1.6,344.6,64.5,384.4,96.9,48,433.3,79.9
2000,Q1,880.3,310.4,127.1,5.4,1058.3,73.9,173.4,33.9,8.8,1.9, ,214.2,80.2,86.1,36.7,24.1,4,94.7,70.1,247.8,143.9,57.9,1.3,332.5,63.3,372.9,87.2,43.1,417,81.1
2000,Q2,844.5,333.9,117.9,4.5,1056,71.7,172.8,39.8,15.8,2.4, ,225.9,75.7,76.5,34.9,18.7,3.6,89.2,68.7,221.6,146.6,57.5,1,309.7,60.2,373.6,96.8,39.3,431.1,79.4
2000,Q3,887.1,318.3,124.7,9.4,1071.3,73.6,175.7,34.7,14.7,2.1, ,223,78.1,106.3,28.5,26.9,8.8,99.1,78.9,221.4,153.4,53.8,0.6,320.4,59.1,383.6,87,41.9,428.8,81.5
2000,Q4,903.4,327.3,126,10.1,1094.5,73.4,182.6,37.8,11.3,2.4, ,229.3,78.8,113.7,34.1,29.4,9.5,108.9,76.9,215.7,159.8,44.7,0.7,330.2,57.4,391.3,84.3,49.4,426.1,82.3
2001,Q1,802.7,356,92.2,4.8,1061.7,69.3,164.8,44.9,17.4,2.5, ,224.7,72.5,68,35.7,16.3,4.4,83.1,65.6,189.5,168,25.5,0.4,331.6,53,380.4,89.9,48,422.4,80.9
2001,Q2,782.1,302,49.6,0.1,1034.3,72.1,152,43.8,18.4,2, ,212.3,71,47.4,31.6,2.1,0,76.9,60,186.9,127.2,4,0.1,310,59.5,395.7,81,41.6,435.1,83
2001,Q3,817.3,318.3,58.2,1.1,1076.3,72,156.9,48.4,16.2,1.5, ,220.1,70.8,73.9,24.5,5.5,0.8,92.1,75.1,196.1,144.1,6.2,0.3,333.7,57.6,390.4,85,44.9,430.4,82.1
2001,Q4,857.8,348.6,72.4,3,1131.1,71.1,170.8,55,19.2,2.2, ,242.9,69.7,77.3,21.5,7,2.7,89.1,78.3,204.5,162.9,11,0.2,356.1,55.7,405.2,90,52.1,443.1,81.8
2002,Q1,834.9,343.1,92.6,1.7,1083.8,70.9,174.1,49.7,19.2,2.2, ,240.7,71.7,71.9,37.6,14.6,0.9,94,65.7,198.7,147.9,25.5,0.8,320.3,57.3,390.2,88.8,50.3,428.8,81.5
2002,Q2,808.5,362.9,89.4,1.6,1080.4,69,169.7,54.9,19.6,2.5, ,241.8,69.5,63.3,31.9,10.4,0.7,84.1,66.5,183.5,168.7,27,0.9,324.3,52.1,392,87.8,49.6,430.2,81.7
2002,Q3,828.6,377.9,103,2.8,1100.6,68.7,170.3,51.7,22.4,2.8, ,241.6,69.7,82.4,25.9,17.1,2.7,88.5,76.1,192.5,182.5,26,0.1,348.9,51.3,383.4,95.4,57.1,421.7,80.1
2002,Q4,861.1,383.5,107.1,3.6,1133.8,69.2,180.2,61.3,20.3,2.8, ,259,68.8,89.7,27.2,20,3.2,93.7,76.7,199.7,180.5,27.5,0.4,352.3,52.5,391.5,94.1,56.7,428.8,80.6
2003,Q1,803,390.4,104.8,2.5,1086.1,67.3,173.8,55.3,21,2.1, ,247.9,69.5,76.2,34.5,18,2.1,90.6,68.9,176.2,185.6,24.6,0.5,336.7,48.7,376.9,94.1,60.1,410.9,80
2003,Q2,789.4,407,101.6,1.4,1093.4,66,173.5,51.2,27.5,2.7, ,249.6,68.8,62.7,39.1,14.1,0.9,86.8,61.6,166,194.8,22.2,0.5,338.1,46,387.2,94.4,62.6,419,80.4
2003,Q3,809.2,407.3,106.7,2.3,1107.5,66.5,171.6,48.6,21.8,2.6, ,239.5,70.9,80.8,31,20,1.8,90,72.3,169,200,21,0.5,347.5,45.8,387.7,105.8,63.1,430.5,78.6
2003,Q4,856.3,456.2,123.9,2.8,1185.8,65.2,184.3,58.8,22.9,3.3, ,262.7,69.3,90.1,31.4,25,2.4,94.2,74.1,176.7,225.5,21.4,0.4,380.4,43.9,405.2,117.5,74.1,448.5,77.5
2004,Q1,806.6,427,106.1,3.3,1124.2,65.4,177.8,52.8,21.3,2.5, ,249.4,70.6,72,44.5,19.1,1.6,95.8,61.8,169.8,200.2,22.9,1.7,345.3,45.9,387.1,108.2,61.6,433.7,78.2
2004,Q2,786.7,434.9,109.9,2.1,1109.6,64.4,173.6,53.9,24.2,2.8, ,249,69,65.4,42.5,18.2,1,88.7,60.6,160.4,204.3,23.9,1.1,339.7,44,387.2,110,65,432.1,77.9
2004,Q3,809.2,449.9,118.5,3.2,1137.3,64.3,176.1,60.6,22.2,3.5, ,255.3,68,85.3,29.3,18.2,1.9,94.6,74.4,171.2,206.2,26.1,1.3,349.9,45.4,376.6,131.6,70.7,437.6,74.1
2004,Q4,862.1,440,128.3,5.1,1168.7,66.2,196.2,66.3,21.8,4, ,280.3,69,96.5,25.5,22.1,3.8,96.1,79.1,177.2,199.8,31.6,1.3,344.2,47,392.1,126.6,70.5,448.2,75.6
2005,Q1,828,406.7,116.9,3.6,1114.2,67.1,178.3,49.4,20.9,3, ,245.5,71.7,79.9,36.2,19,2.4,94.8,68.8,167.7,190.1,27.3,1.2,329.4,46.9,402,110.2,67.6,444.6,78.5
2005,Q2,806.3,458.3,116.4,2,1146.2,63.8,191.3,54.7,20.4,3.7, ,262.8,71.8,70.6,39.7,14.5,0.9,94.9,64,163.1,219.6,27.1,1.1,354.4,42.6,381.2,123.9,71,434.1,75.5
2005,Q3,834.6,425.3,109.3,3,1147.6,66.2,190.9,51.8,14.9,3.6, ,254.1,74.1,89.1,27.1,23.6,1.8,90.7,76.7,164.9,211.8,27.3,1.2,348.2,43.8,389.7,119.8,54.9,454.6,76.5
2005,Q4,872,455.7,127.8,3.9,1196,65.7,204.3,59.5,15.4,4.1, ,275.1,73.2,97.1,29.8,29,2.5,95.5,76.5,173.5,220.6,27,1.5,365.6,44,397.2,130.4,67.8,459.8,75.3
2006,Q1,827.8,410.3,114.5,3.4,1120.2,66.9,206.8,44.1,17.8,3.3, ,265.4,77,83.5,33.2,23.5,1.7,91.6,71.6,164.6,202.4,28.6,1.7,336.5,44.8,372.9,112.8,59.1,426.6,76.8
2006,Q2,816.6,419.4,99.6,2.6,1133.8,66.1,207.1,48.6,18.3,8.5,,265.5,75.6,69.5,44.6,16,0.8,97.3,60.9,158.1,195.7,26.4,1.9,325.6,44.7,381.9,112.2,48.7,445.3,77.3
2006,Q3,834.9,426,121.8,4.6,1134.5,66.2,209.4,50.1,17.2,17.4,,259.3,75.7,87.9,34.3,23.4,1.6,97.2,72,167.7,215.4,26.9,3,353.2,43.8,369.9,109,54.1,424.8,77.2
2006,Q4,885.7,449.4,149.8,4.7,1180.6,66.3,228.8,56.3,17.3,23.3,,279.2,75.7,92.6,27.7,25.8,2.2,92.3,77,177.1,230.7,29.2,2.6,376,43.4,387.3,117.5,71.6,433.1,76.7
2007,Q1,840.9,439,137.4,5.3,1137.2,65.7,228,48.2,17.4,20.8,,272.8,77.6,75.9,40,18.9,1.6,95.4,65.5,173.8,224.9,29.8,3.8,365.1,43.6,363.3,108.4,67.9,403.9,77
2007,Q2,831.3,460.8,143.3,4.1,1144.7,64.3,220.3,49.1,24.5,19.8,,274,75,76.4,46.9,17.5,1,104.8,62,170.7,227,30.9,3.2,363.7,42.9,363.9,113.4,75.1,402.3,76.2
2007,Q3,822.1,429.4,131.1,2.8,1117.6,65.7,209.6,52.7,17.4,17.7,,262,74.9,81.9,28.4,13.4,1.5,95.5,74.3,169.7,216.3,21.9,1.3,362.8,44,360.8,114.6,78.1,397.4,75.9
2007,Q4,896.7,416.9,144.9,2.8,1165.9,68.3,230.6,55.9,13.6,18.4,,281.7,76.8,95.3,21.7,20.1,2.4,94.5,81.4,192.4,201.2,33.8,0.4,359.4,48.9,378.4,124.5,72.6,430.3,75.2
2008,Q1,845.5,420.4,151.8,2.3,1111.7,66.8,221.7,48.8,19.7,25.7,,264.4,76.4,83.8,38.1,22.5,1.7,97.7,68.8,180.9,211.1,35.8,0.6,355.6,46.1,359.1,102.7,67.8,394,77.8
2008,Q2,813,434.1,146.1,1.7,1099.4,65.2,214.3,52.9,20.1,22.2,,265,74.6,68.3,47.5,17.1,1,97.7,59,171.3,210.1,36.3,0.7,344.3,44.9,359.2,103.6,70.5,392.4,77.6
2008,Q3,837.1,400.5,154.7,2.5,1080.4,67.6,207.5,59.6,20.7,24.1,,263.7,72.1,86.8,28,23.2,1.8,89.8,75.6,174.7,196.1,37.1,0.8,333,47.1,368.1,96.1,70.3,393.9,79.3
2008,Q4,872,395.6,166.2,3,1098.5,68.8,222.5,54.4,19.2,28.5,,267.6,75.2,92.7,22.2,25.4,2.4,87.2,80.7,178.8,195.8,42.7,0.5,331.3,47.7,378,104.1,69.6,412.5,78.4
2009,Q1,798.5,415.8,142.1,1.8,1070.3,65.8,207.5,46.2,24.6,26,,252.3,74.6,72.2,45,22.9,1.6,92.6,61.6,165.2,200.5,32.7,0.2,332.9,45.2,353.6,99.4,60.5,392.5,78.1
2009,Q2,785.7,434.6,136.7,1.3,1082.3,64.4,204,50.1,24.6,23.5,,255.2,73.2,65.5,48.4,19.6,1.1,93.2,57.5,159.7,206.8,27.8,0.2,338.4,43.6,356.5,104.7,65.7,395.5,77.3
2009,Q3,808,394.3,146.3,2.4,1053.7,67.2,189.9,53.2,20.8,22.6,,241.4,71.9,86.1,25.3,26.9,2.2,82.2,77.3,171.2,191.7,33.2,0.2,329.6,47.2,360.9,103.2,63.6,400.6,77.8
2009,Q4,884.4,432.6,159.2,2.8,1155,67.2,221.9,58.3,20.3,27.2,,273.4,73.8,89.4,24.4,28.9,2.6,82.2,78.6,185.1,216.7,40.4,0.2,361.2,46.1,388.1,112.8,62.7,438.2,77.5
2010,Q1,828.6,431,150.9,2.1,1106.6,65.8,216.7,50.9,22.4,27.7,,262.3,74.7,60.7,42.8,20.9,1.8,80.8,58.7,176.5,203.5,39.3,0.2,340.4,46.4,374.7,111.5,63.1,423.1,77.1
2010,Q2,827.5,439.8,147.8,1.2,1118.3,65.3,220.1,53.6,19.1,29.1,,263.8,75.2,58,40.9,19.3,1,78.5,58.6,171.2,205.2,38.6,0.2,337.7,45.5,378.1,121.1,60.9,438.3,75.7
2010,Q3,863.7,413.8,163.5,3.2,1110.8,67.6,220.6,55.4,21.7,31.8,,266,74.1,81.7,23.2,25.1,3,76.8,77.9,176.5,196.3,40.8,0.2,331.8,47.3,384.8,117.1,65.7,436.2,76.7
2010,Q4,946.3,435.7,194.7,4.3,1183,68.5,240,60,23.9,40.3,,283.5,74.1,86.4,21.4,26.8,4.1,76.9,80.1,187.9,205.8,49.8,0.2,343.7,47.7,432,124.7,77.8,478.9,77.6
2011,Q1,877.6,417.7,176.8,3.1,1115.4,67.8,241.1,51.2,18.4,40.1,,270.5,77.6,66.7,33.5,22,2.8,75.4,66.6,189.8,193,44.9,0.3,337.5,49.6,380.1,121.7,69.8,432,75.8
2011,Q2,852.6,434.2,177.7,2.1,1107,66.3,232,52.8,19.3,42.4,,261.7,76.3,62.2,35.5,20,2,75.7,63.7,178,197.2,45.5,0.1,329.6,47.4,380.4,129.4,69.8,440.1,74.6
2011,Q3,890.2,424,198.5,3.7,1112,67.7,225.5,55,19.9,43.3,,257.1,75.1,84.2,20.2,27.8,3.2,73.3,80.7,190.8,193.3,52,0.4,331.6,49.7,389.7,135.6,75.2,450.1,74.2
2011,Q4,928,435,200.3,3.9,1158.9,68.1,233,62.5,22.7,45,,273.1,73.2,87.6,20.5,29.9,3.6,74.6,81.1,198.2,200,49.2,0.2,348.7,49.8,409.2,129.3,76.2,462.4,76
2012,Q1,878,392.6,175.6,2.8,1092.2,69.1,222.1,52,21.6,35.1,,260.6,75.1,65,26.4,23.1,2.4,65.9,71.1,193.7,178.5,46.1,0.4,325.7,52,397.2,114,71.3,440,77.7
2012,Q2,855.1,405.8,156,1.9,1103,67.8,216.1,51.2,22.8,30.3,,259.7,74.5,61.7,32.4,19.6,1.6,73,65.6,186.7,177.9,39.8,0.4,324.4,51.2,390.6,121.5,66.2,445.9,76.3
2012,Q3,883.9,399.6,174.4,3,1106.1,68.9,211.6,52.4,22.8,35.5,,251.3,73.8,75.4,20.9,24.7,2.6,69.1,78.3,194,184.1,47.4,0.4,330.2,51.3,402.9,119.4,66.8,455.4,77.1
2012,Q4,930.7,427,197.6,4.1,1156,68.5,227.2,62.2,20.2,41.2,,268.3,73.4,83.6,26.3,30.8,3.7,75.4,76.1,201.6,193.1,47.3,0.4,347,51.1,418.3,125.3,78.3,465.3,76.9
2013,Q1(p),893.8,385.3,179.5,4,1095.5,69.9,214.2,48.7,17.2,35.3,,244.9,76.5,71.5,36.1,24.9,3.6,79.1,66.5,196.7,170.8,49.5,0.5,317.6,53.5,411.3,112.5,69.9,453.9,78.5
2013,Q2(p),869.4,416,183.5,1.8,1100.1,67.6,211.4,53.6,23.1,29.7,,258.3,73.4,62.6,40,24.8,1.4,76.4,61,188.3,174.2,48.2,0.5,313.8,52,407.1,125.2,80.7,451.5,76.5
2013,Q3(p),887.4,398.4,188.4,3,1094.3,69,197.6,56.1,23,27.4,,249.1,71.4,79.3,22.4,28.9,2.6,70.2,78,196.2,181.5,53.3,0.5,324,51.9,414.3,115.5,78.8,451,78.2
2013,Q4(p),938.7,438.2,203,3.9,1169.9,68.2,217,64.6,23.2,33.8,,271.1,71.2,87.1,21.3,29.8,3.5,75.1,80.4,205.8,199.8,55.3,0.5,349.9,50.7,428.8,129.3,84.2,473.9,76.8
2014,Q1(p),902.9,400.1,177.5,3.1,1122.3,69.3,220.5,52.7,20.1,32.2,,261,75.2,68.1,32.6,24.7,2.7,73.4,67.6,201,177.7,54.4,0.5,323.8,53.1,413.4,117,66.3,464.1,77.9
2014,Q2(p),884,421.8,215.4,1.8,1088.6,67.7,217.9,54.6,21.5,32.9,,261.1,74.1,68.8,38.1,26.3,1.3,79.3,64.4,196.4,181.9,53.1,0.5,324.7,51.9,400.9,125.7,103,423.6,76.1
2014,Q3(p),901.9,412.9,200.7,2.7,1111.4,68.6,207,59.1,21.7,33.6,,254.2,71.9,81.6,22,26.7,2.2,74.6,78.8,203.8,183,55.3,0.5,331.1,52.7,409.6,127,85.1,451.5,76.3
2014,Q4(p),951.9,446.6,201.1,4,1193.4,68.1,226.3,71.8,22.8,36.4,,284.5,70.5,88.6,19.4,29.6,3.5,75,82.1,218.3,193.6,53.9,0.5,357.6,53,418.6,139.1,81.2,476.4,75.1
2015,Q1(p),917,418.7,176.5,2.8,1156.4,68.7,221.3,61.4,19.6,28.6,,273.6,73.2,71,35.8,19.9,2.3,84.6,66.5,211.7,178.5,52.3,0.5,337.3,54.3,413.2,123.4,75.7,460.9,77
2015,Q2(p),,,,,,,,,,,,,,,,,,,,,,,,,,,,,,
2015,Q3(p),,,,,,,,,,,,,,,,,,,,,,,,,,,,,,
2015,Q4(p),,,,,,,,,,,,,,,,,,,,,,,,,,,,,,
###p    Data are provisional####,,,,,,,,,,,,,,,,,,,,,,,,,,,,,,,
####Imported and Export columns  Boneless meat has been converted to bone in weights####,,,,,,,,,,,,,,,,,,,,,,,,,,,,,,,
####Imported and Exported Supply for poultry All trade figures include an estimate for unrecorded trade####,,,,,,,,,,,,,,,,,,,,,,,,,,,,,,,
####Live cattle export ban lifted May 2006####,,,,,,,,,,,,,,,,,,,,,,,,,,,,,,,
####From May 2006 includes exported live cattle#####,,,,,,,,,,,,,,,,,,,,,,,,,,,,,,,
####1997 Quarter 2 supplies excludes 7.9 ThT of destroyed intervention beef####,,,,,,,,,,,,,,,,,,,,,,,,,,,,,,,
####These home fed production figures were collected on a 53 week (14 week 4th Quarter) basis but have been adjusted to a 52 week year (13 week 4th quarter) for comparability####,,,,,,,,,,,,,,,,,,,,,,,,,,,,,,,
"####Total meat = Beef and veal, mutton and lamb, pigmeat and poultrymeat Figures have been rounded individually and totals will not necessarily agree with the addition of separate figures####",,,,,,,,,,,,,,,,,,,,,,,,,,,,,,,
####lamb and mutton home fed production figures were collected on a 53 week (14 week 4th Quarter) basis but have been adjusted to a 52 week year (13 week 4th quarter) for comparability####,,,,,,,,,,,,,,,,,,,,,,,,,,,,,,,
####Excludes imported carcase meat for home curing into bacon####,,,,,,,,,,,,,,,,,,,,,,,,,,,,,,,
